Run,Assay Type,AvgSpotLen,Bases,BioProject,BioSample,BioSampleModel,Bytes,Center Name,Consent,Cultivar,DATASTORE filetype,DATASTORE provider,DATASTORE region,Experiment,geo_loc_name_country,geo_loc_name_country_continent,geo_loc_name,Instrument,Library Name,LibraryLayout,LibrarySelection,LibrarySource,Organism,Platform,ReleaseDate,create_date,version,Sample Name,SRA Study,tissue,treatment,dev_stage,tissue_developmental_stage,growth_protocol,Collection_Date,AGE,harvest_time
SRR15600858,RNA-Seq,100,3194112400,PRJNA753086,SAMN20673806,Plant,1053818390,UNIVERSITY OF GEORGIA,public,Atlantic,"sra,run.zq,fastq","ncbi,gs,s3","s3.us-east-1,gs.us-east1,ncbi.public",SRX11898400,USA,North America,USA:MI,Illumina NovaSeq 6000,ATL_CE,PAIRED,RANDOM,TRANSCRIPTOMIC,Solanum tuberosum,ILLUMINA,2021-08-24T00:00:00Z,2021-08-24T19:54:00Z,1,Atlantic Open Flower,SRP331826,open flower,none,mature,,,,,
SRR15600859,RNA-Seq,100,3501705600,PRJNA753086,SAMN20673802,Plant,1153679440,UNIVERSITY OF GEORGIA,public,Atlantic,"run.zq,sra,fastq","s3,ncbi,gs","s3.us-east-1,ncbi.public,gs.us-east1",SRX11898399,USA,North America,USA:MI,Illumina NovaSeq 6000,ATL_EA,PAIRED,RANDOM,TRANSCRIPTOMIC,Solanum tuberosum,ILLUMINA,2021-08-24T00:00:00Z,2021-08-24T20:00:00Z,1,Atlantic Drought Root,SRP331826,"root\, drought treatment",drought,mature,,,,,
SRR15600860,RNA-Seq,100,3550931000,PRJNA753086,SAMN20673802,Plant,1167637959,UNIVERSITY OF GEORGIA,public,Atlantic,"fastq,sra,run.zq","s3,gs,ncbi","ncbi.public,s3.us-east-1,gs.us-east1",SRX11898398,USA,North America,USA:MI,Illumina NovaSeq 6000,ATL_DZ,PAIRED,RANDOM,TRANSCRIPTOMIC,Solanum tuberosum,ILLUMINA,2021-08-24T00:00:00Z,2021-08-24T19:53:00Z,1,Atlantic Drought Root,SRP331826,"root\, drought treatment",drought,mature,,,,,
SRR15600861,RNA-Seq,100,3344500600,PRJNA753086,SAMN20673802,Plant,1088176939,UNIVERSITY OF GEORGIA,public,Atlantic,"sra,run.zq,fastq","ncbi,gs,s3","s3.us-east-1,ncbi.public,gs.us-east1",SRX11898397,USA,North America,USA:MI,Illumina NovaSeq 6000,ATL_DY,PAIRED,RANDOM,TRANSCRIPTOMIC,Solanum tuberosum,ILLUMINA,2021-08-24T00:00:00Z,2021-08-24T19:54:00Z,1,Atlantic Drought Root,SRP331826,"root\, drought treatment",drought,mature,,,,,
SRR15600862,RNA-Seq,100,4595967700,PRJNA753086,SAMN20673799,Plant,1494499060,UNIVERSITY OF GEORGIA,public,Atlantic,"sra,run.zq,fastq","s3,gs,ncbi","s3.us-east-1,ncbi.public,gs.us-east1",SRX11898396,USA,North America,USA:MI,Illumina NovaSeq 6000,ATL_EB,PAIRED,RANDOM,TRANSCRIPTOMIC,Solanum tuberosum,ILLUMINA,2021-08-24T00:00:00Z,2021-08-24T20:00:00Z,1,Atlantic Control Root,SRP331826,"root\, control",control,mature,,,,,
SRR15600863,RNA-Seq,100,4637048600,PRJNA753086,SAMN20673798,Plant,1512901244,UNIVERSITY OF GEORGIA,public,Atlantic,"sra,fastq,run.zq","gs,ncbi,s3","s3.us-east-1,gs.us-east1,ncbi.public",SRX11898395,USA,North America,USA:MI,Illumina NovaSeq 6000,ATL_DU,PAIRED,RANDOM,TRANSCRIPTOMIC,Solanum tuberosum,ILLUMINA,2021-08-24T00:00:00Z,2021-08-24T20:03:00Z,1,Atlantic Cold Leaf,SRP331826,"mature leaf\, cold treatment",cold,mature,,,,,
SRR15600864,RNA-Seq,100,3055883300,PRJNA753086,SAMN20673798,Plant,981709862,UNIVERSITY OF GEORGIA,public,Atlantic,"sra,run.zq,fastq","s3,gs,ncbi","s3.us-east-1,ncbi.public,gs.us-east1",SRX11898394,USA,North America,USA:MI,Illumina NovaSeq 6000,ATL_DT,PAIRED,RANDOM,TRANSCRIPTOMIC,Solanum tuberosum,ILLUMINA,2021-08-24T00:00:00Z,2021-08-24T19:56:00Z,1,Atlantic Cold Leaf,SRP331826,"mature leaf\, cold treatment",cold,mature,,,,,
SRR15600865,RNA-Seq,100,3492890100,PRJNA753086,SAMN20673798,Plant,1141513147,UNIVERSITY OF GEORGIA,public,Atlantic,"run.zq,sra,fastq","s3,ncbi,gs","gs.us-east1,ncbi.public,s3.us-east-1",SRX11898393,USA,North America,USA:MI,Illumina NovaSeq 6000,ATL_DS,PAIRED,RANDOM,TRANSCRIPTOMIC,Solanum tuberosum,ILLUMINA,2021-08-24T00:00:00Z,2021-08-24T20:46:00Z,1,Atlantic Cold Leaf,SRP331826,"mature leaf\, cold treatment",cold,mature,,,,,
SRR15600866,RNA-Seq,100,4381252400,PRJNA753086,SAMN20673809,Plant,1451752467,UNIVERSITY OF GEORGIA,public,Atlantic,"sra,fastq,run.zq","ncbi,s3,gs","ncbi.public,s3.us-east-1,gs.us-east1",SRX11898392,USA,North America,USA:MI,Illumina NovaSeq 6000,ATL_DX,PAIRED,RANDOM,TRANSCRIPTOMIC,Solanum tuberosum,ILLUMINA,2021-08-24T00:00:00Z,2021-08-24T19:58:00Z,1,Atlantic Salt Root,SRP331826,"root\, salt treatment",salt,mature,,,,,
SRR15600867,RNA-Seq,100,3436909200,PRJNA753086,SAMN20673809,Plant,1142081380,UNIVERSITY OF GEORGIA,public,Atlantic,"fastq,sra,run.zq","s3,ncbi,gs","s3.us-east-1,gs.us-east1,ncbi.public",SRX11898391,USA,North America,USA:MI,Illumina NovaSeq 6000,ATL_DV,PAIRED,RANDOM,TRANSCRIPTOMIC,Solanum tuberosum,ILLUMINA,2021-08-24T00:00:00Z,2021-08-24T20:15:00Z,1,Atlantic Salt Root,SRP331826,"root\, salt treatment",salt,mature,,,,,
SRR15600868,RNA-Seq,100,7062944000,PRJNA753086,SAMN20673807,Plant,2344494957,UNIVERSITY OF GEORGIA,public,Atlantic,"run.zq,sra,fastq","gs,ncbi,s3","gs.us-east1,ncbi.public,s3.us-east-1",SRX11898390,USA,North America,USA:MI,Illumina NovaSeq 6000,ATL_DF,PAIRED,RANDOM,TRANSCRIPTOMIC,Solanum tuberosum,ILLUMINA,2021-08-24T00:00:00Z,2021-08-24T20:08:00Z,1,Atlantic Salt Leaf Control,SRP331826,"mature leaf\, salt treatment control",control,mature,,,,,
SRR15600869,RNA-Seq,100,4789840200,PRJNA753086,SAMN20673807,Plant,1561709495,UNIVERSITY OF GEORGIA,public,Atlantic,"run.zq,sra,fastq","gs,ncbi,s3","gs.us-east1,ncbi.public,s3.us-east-1",SRX11898389,USA,North America,USA:MI,Illumina NovaSeq 6000,ATL_DE,PAIRED,RANDOM,TRANSCRIPTOMIC,Solanum tuberosum,ILLUMINA,2021-08-24T00:00:00Z,2021-08-24T19:54:00Z,1,Atlantic Salt Leaf Control,SRP331826,"mature leaf\, salt treatment control",control,mature,,,,,
SRR15600870,RNA-Seq,100,4302322700,PRJNA753086,SAMN20673807,Plant,1393922612,UNIVERSITY OF GEORGIA,public,Atlantic,"sra,run.zq,fastq","ncbi,gs,s3","gs.us-east1,ncbi.public,s3.us-east-1",SRX11898388,USA,North America,USA:MI,Illumina NovaSeq 6000,ATL_DD,PAIRED,RANDOM,TRANSCRIPTOMIC,Solanum tuberosum,ILLUMINA,2021-08-24T00:00:00Z,2021-08-24T19:54:00Z,1,Atlantic Salt Leaf Control,SRP331826,"mature leaf\, salt treatment control",control,mature,,,,,
SRR15600871,RNA-Seq,100,7059691000,PRJNA753086,SAMN20673797,Plant,2312449065,UNIVERSITY OF GEORGIA,public,Atlantic,"fastq,sra,run.zq","s3,gs,ncbi","gs.us-east1,ncbi.public,s3.us-east-1",SRX11898387,USA,North America,USA:MI,Illumina NovaSeq 6000,ATL_DI,PAIRED,RANDOM,TRANSCRIPTOMIC,Solanum tuberosum,ILLUMINA,2021-08-24T00:00:00Z,2021-08-24T20:05:00Z,1,Atlantic Cold Leaf Control,SRP331826,"mature leaf\, cold treatment control",control,mature,,,,,
SRR15600872,RNA-Seq,100,5506191500,PRJNA753086,SAMN20673797,Plant,1845057598,UNIVERSITY OF GEORGIA,public,Atlantic,"run.zq,sra,fastq","gs,s3,ncbi","gs.us-east1,ncbi.public,s3.us-east-1",SRX11898386,USA,North America,USA:MI,Illumina NovaSeq 6000,ATL_DG,PAIRED,RANDOM,TRANSCRIPTOMIC,Solanum tuberosum,ILLUMINA,2021-08-24T00:00:00Z,2021-08-24T20:00:00Z,1,Atlantic Cold Leaf Control,SRP331826,"mature leaf\, cold treatment control",control,mature,,,,,
SRR15401381,RNA-Seq,100,1418780300,PRJNA753086,SAMN20673784,Plant,462847115,UNIVERSITY OF GEORGIA,public,Atlantic,"sra,run.zq,fastq","gs,ncbi,s3","gs.us-east1,ncbi.public,s3.us-east-1",SRX11703682,USA,North America,USA:MI,Illumina NovaSeq 6000,ATL_AU,PAIRED,RANDOM,TRANSCRIPTOMIC,Solanum tuberosum,ILLUMINA,2021-08-20T00:00:00Z,2021-08-10T19:12:00Z,1,AT Tuber Stage 2,SRP331826,tuber stage 2,none,immature,,,,,
SRR15401382,RNA-Seq,100,3199083000,PRJNA753086,SAMN20673804,Plant,1063869393,UNIVERSITY OF GEORGIA,public,Atlantic,"run.zq,sra,fastq","gs,ncbi,s3","ncbi.public,s3.us-east-1,gs.us-east1",SRX11703681,USA,North America,USA:MI,Illumina NovaSeq 6000,ATL_EG,PAIRED,RANDOM,TRANSCRIPTOMIC,Solanum tuberosum,ILLUMINA,2021-08-20T00:00:00Z,2021-08-10T19:24:00Z,1,Atlantic Mature Fruit,SRP331826,mature fruit,none,mature,,,,,
SRR15401383,RNA-Seq,100,4271591900,PRJNA753086,SAMN20673804,Plant,1415921149,UNIVERSITY OF GEORGIA,public,Atlantic,"run.zq,fastq,sra","gs,ncbi,s3","gs.us-east1,ncbi.public,s3.us-east-1",SRX11703680,USA,North America,USA:MI,Illumina NovaSeq 6000,ATL_EF,PAIRED,RANDOM,TRANSCRIPTOMIC,Solanum tuberosum,ILLUMINA,2021-08-20T00:00:00Z,2021-08-10T19:26:00Z,1,Atlantic Mature Fruit,SRP331826,mature fruit,none,mature,,,,,
SRR15401384,RNA-Seq,100,3991219700,PRJNA753086,SAMN20673804,Plant,1306292408,UNIVERSITY OF GEORGIA,public,Atlantic,"sra,run.zq,fastq","gs,s3,ncbi","ncbi.public,gs.us-east1,s3.us-east-1",SRX11703679,USA,North America,USA:MI,Illumina NovaSeq 6000,ATL_EE,PAIRED,RANDOM,TRANSCRIPTOMIC,Solanum tuberosum,ILLUMINA,2021-08-20T00:00:00Z,2021-08-10T19:23:00Z,1,Atlantic Mature Fruit,SRP331826,mature fruit,none,mature,,,,,
SRR15401385,RNA-Seq,100,3119794400,PRJNA753086,SAMN20673799,Plant,1046026355,UNIVERSITY OF GEORGIA,public,Atlantic,"fastq,sra,run.zq","s3,ncbi,gs","ncbi.public,s3.us-east-1,gs.us-east1",SRX11703678,USA,North America,USA:MI,Illumina NovaSeq 6000,ATL_ED,PAIRED,RANDOM,TRANSCRIPTOMIC,Solanum tuberosum,ILLUMINA,2021-08-20T00:00:00Z,2021-08-10T19:22:00Z,1,Atlantic Control Root,SRP331826,"root\, control",control,mature,,,,,
SRR15401386,RNA-Seq,100,3143515600,PRJNA753086,SAMN20673799,Plant,1029821969,UNIVERSITY OF GEORGIA,public,Atlantic,"run.zq,sra,fastq","gs,ncbi,s3","s3.us-east-1,ncbi.public,gs.us-east1",SRX11703677,USA,North America,USA:MI,Illumina NovaSeq 6000,ATL_EC,PAIRED,RANDOM,TRANSCRIPTOMIC,Solanum tuberosum,ILLUMINA,2021-08-20T00:00:00Z,2021-08-10T19:24:00Z,1,Atlantic Control Root,SRP331826,"root\, control",control,mature,,,,,
SRR15401387,RNA-Seq,100,2483083000,PRJNA753086,SAMN20673799,Plant,808077522,UNIVERSITY OF GEORGIA,public,Atlantic,"fastq,sra,run.zq","ncbi,gs,s3","gs.us-east1,ncbi.public,s3.us-east-1",SRX11703676,USA,North America,USA:MI,Illumina NovaSeq 6000,ATL_EB,PAIRED,RANDOM,TRANSCRIPTOMIC,Solanum tuberosum,ILLUMINA,2021-08-20T00:00:00Z,2021-08-10T19:17:00Z,1,Atlantic Control Root,SRP331826,"root\, control",control,mature,,,,,
SRR15401388,RNA-Seq,100,4459315900,PRJNA753086,SAMN20673785,Plant,1452757164,UNIVERSITY OF GEORGIA,public,Atlantic,"sra,fastq,run.zq","s3,gs,ncbi","gs.us-east1,ncbi.public,s3.us-east-1",SRX11703675,USA,North America,USA:MI,Illumina NovaSeq 6000,ATL_AS,PAIRED,RANDOM,TRANSCRIPTOMIC,Solanum tuberosum,ILLUMINA,2021-08-20T00:00:00Z,2021-08-10T19:27:00Z,1,AT Tuber Stage 3,SRP331826,tuber stage 3,none,mature,,,,,
SRR15401389,RNA-Seq,100,1428316500,PRJNA753086,SAMN20673802,Plant,470947415,UNIVERSITY OF GEORGIA,public,Atlantic,"sra,run.zq,fastq","ncbi,gs,s3","ncbi.public,s3.us-east-1,gs.us-east1",SRX11703674,USA,North America,USA:MI,Illumina NovaSeq 6000,ATL_EA,PAIRED,RANDOM,TRANSCRIPTOMIC,Solanum tuberosum,ILLUMINA,2021-08-20T00:00:00Z,2021-08-10T19:12:00Z,1,Atlantic Drought Root,SRP331826,"root\, drought treatment",drought,mature,,,,,
SRR15401390,RNA-Seq,100,2099713000,PRJNA753086,SAMN20673802,Plant,691935884,UNIVERSITY OF GEORGIA,public,Atlantic,"run.zq,sra,fastq","s3,ncbi,gs","ncbi.public,gs.us-east1,s3.us-east-1",SRX11703673,USA,North America,USA:MI,Illumina NovaSeq 6000,ATL_DZ,PAIRED,RANDOM,TRANSCRIPTOMIC,Solanum tuberosum,ILLUMINA,2021-08-20T00:00:00Z,2021-08-10T19:17:00Z,1,Atlantic Drought Root,SRP331826,"root\, drought treatment",drought,mature,,,,,
SRR15401391,RNA-Seq,100,2101917800,PRJNA753086,SAMN20673802,Plant,685353900,UNIVERSITY OF GEORGIA,public,Atlantic,"sra,fastq,run.zq","s3,gs,ncbi","s3.us-east-1,gs.us-east1,ncbi.public",SRX11703672,USA,North America,USA:MI,Illumina NovaSeq 6000,ATL_DY,PAIRED,RANDOM,TRANSCRIPTOMIC,Solanum tuberosum,ILLUMINA,2021-08-20T00:00:00Z,2021-08-10T19:13:00Z,1,Atlantic Drought Root,SRP331826,"root\, drought treatment",drought,mature,,,,,
SRR15401392,RNA-Seq,100,2132315000,PRJNA753086,SAMN20673809,Plant,705832869,UNIVERSITY OF GEORGIA,public,Atlantic,"sra,fastq,run.zq","gs,s3,ncbi","s3.us-east-1,gs.us-east1,ncbi.public",SRX11703671,USA,North America,USA:MI,Illumina NovaSeq 6000,ATL_DX,PAIRED,RANDOM,TRANSCRIPTOMIC,Solanum tuberosum,ILLUMINA,2021-08-20T00:00:00Z,2021-08-10T19:12:00Z,1,Atlantic Salt Root,SRP331826,"root\, salt treatment",salt,mature,,,,,
SRR15401393,RNA-Seq,100,2830508300,PRJNA753086,SAMN20673809,Plant,961382600,UNIVERSITY OF GEORGIA,public,Atlantic,"sra,run.zq,fastq","ncbi,s3,gs","s3.us-east-1,gs.us-east1,ncbi.public",SRX11703670,USA,North America,USA:MI,Illumina NovaSeq 6000,ATL_DW,PAIRED,RANDOM,TRANSCRIPTOMIC,Solanum tuberosum,ILLUMINA,2021-08-20T00:00:00Z,2021-08-10T19:22:00Z,1,Atlantic Salt Root,SRP331826,"root\, salt treatment",salt,mature,,,,,
SRR15401394,RNA-Seq,100,1794174300,PRJNA753086,SAMN20673809,Plant,595346564,UNIVERSITY OF GEORGIA,public,Atlantic,"fastq,sra,run.zq","ncbi,s3,gs","gs.us-east1,ncbi.public,s3.us-east-1",SRX11703669,USA,North America,USA:MI,Illumina NovaSeq 6000,ATL_DV,PAIRED,RANDOM,TRANSCRIPTOMIC,Solanum tuberosum,ILLUMINA,2021-08-20T00:00:00Z,2021-08-10T19:17:00Z,1,Atlantic Salt Root,SRP331826,"root\, salt treatment",salt,mature,,,,,
SRR15401395,RNA-Seq,100,2344180700,PRJNA753086,SAMN20673798,Plant,765289200,UNIVERSITY OF GEORGIA,public,Atlantic,"run.zq,sra,fastq","s3,gs,ncbi","ncbi.public,s3.us-east-1,gs.us-east1",SRX11703668,USA,North America,USA:MI,Illumina NovaSeq 6000,ATL_DU,PAIRED,RANDOM,TRANSCRIPTOMIC,Solanum tuberosum,ILLUMINA,2021-08-20T00:00:00Z,2021-08-10T19:21:00Z,1,Atlantic Cold Leaf,SRP331826,"mature leaf\, cold treatment",cold,mature,,,,,
SRR15401396,RNA-Seq,100,1581379000,PRJNA753086,SAMN20673798,Plant,509524257,UNIVERSITY OF GEORGIA,public,Atlantic,"run.zq,sra,fastq","gs,ncbi,s3","s3.us-east-1,gs.us-east1,ncbi.public",SRX11703667,USA,North America,USA:MI,Illumina NovaSeq 6000,ATL_DT,PAIRED,RANDOM,TRANSCRIPTOMIC,Solanum tuberosum,ILLUMINA,2021-08-20T00:00:00Z,2021-08-10T19:13:00Z,1,Atlantic Cold Leaf,SRP331826,"mature leaf\, cold treatment",cold,mature,,,,,
SRR15401397,RNA-Seq,100,1969638900,PRJNA753086,SAMN20673798,Plant,644934706,UNIVERSITY OF GEORGIA,public,Atlantic,"run.zq,sra,fastq","ncbi,gs,s3","s3.us-east-1,gs.us-east1,ncbi.public",SRX11703666,USA,North America,USA:MI,Illumina NovaSeq 6000,ATL_DS,PAIRED,RANDOM,TRANSCRIPTOMIC,Solanum tuberosum,ILLUMINA,2021-08-20T00:00:00Z,2021-08-10T19:21:00Z,1,Atlantic Cold Leaf,SRP331826,"mature leaf\, cold treatment",cold,mature,,,,,
SRR15401398,RNA-Seq,100,4869166000,PRJNA753086,SAMN20673794,Plant,1647976979,UNIVERSITY OF GEORGIA,public,Atlantic,"fastq,sra,run.zq","gs,s3,ncbi","s3.us-east-1,ncbi.public,gs.us-east1",SRX11703665,USA,North America,USA:MI,Illumina NovaSeq 6000,ATL_DR,PAIRED,RANDOM,TRANSCRIPTOMIC,Solanum tuberosum,ILLUMINA,2021-08-20T00:00:00Z,2021-08-10T19:30:00Z,1,ATL Heat,SRP331826,"mature leaf\, heat treatment",heat,mature,,,,,
SRR15401399,RNA-Seq,100,4362973200,PRJNA753086,SAMN20673785,Plant,1427498038,UNIVERSITY OF GEORGIA,public,Atlantic,"fastq,run.zq,sra","gs,ncbi,s3","gs.us-east1,s3.us-east-1,ncbi.public",SRX11703664,USA,North America,USA:MI,Illumina NovaSeq 6000,ATL_AR,PAIRED,RANDOM,TRANSCRIPTOMIC,Solanum tuberosum,ILLUMINA,2021-08-20T00:00:00Z,2021-08-10T19:27:00Z,1,AT Tuber Stage 3,SRP331826,tuber stage 3,none,mature,,,,,
SRR15401400,RNA-Seq,100,4038962900,PRJNA753086,SAMN20673794,Plant,1322429766,UNIVERSITY OF GEORGIA,public,Atlantic,"run.zq,fastq,sra","s3,ncbi,gs","s3.us-east-1,gs.us-east1,ncbi.public",SRX11703663,USA,North America,USA:MI,Illumina NovaSeq 6000,ATL_DQ,PAIRED,RANDOM,TRANSCRIPTOMIC,Solanum tuberosum,ILLUMINA,2021-08-20T00:00:00Z,2021-08-10T19:26:00Z,1,ATL Heat,SRP331826,"mature leaf\, heat treatment",heat,mature,,,,,
SRR15401401,RNA-Seq,100,3181254700,PRJNA753086,SAMN20673794,Plant,1074423929,UNIVERSITY OF GEORGIA,public,Atlantic,"fastq,run.zq,sra","gs,s3,ncbi","gs.us-east1,ncbi.public,s3.us-east-1",SRX11703662,USA,North America,USA:MI,Illumina NovaSeq 6000,ATL_DP,PAIRED,RANDOM,TRANSCRIPTOMIC,Solanum tuberosum,ILLUMINA,2021-08-20T00:00:00Z,2021-08-10T19:22:00Z,1,ATL Heat,SRP331826,"mature leaf\, heat treatment",heat,mature,,,,,
SRR15401402,RNA-Seq,100,7117487200,PRJNA753086,SAMN20673803,Plant,2339019517,UNIVERSITY OF GEORGIA,public,Atlantic,"fastq,sra,run.zq","ncbi,s3,gs","gs.us-east1,ncbi.public,s3.us-east-1",SRX11703661,USA,North America,USA:MI,Illumina NovaSeq 6000,ATL_DO,PAIRED,RANDOM,TRANSCRIPTOMIC,Solanum tuberosum,ILLUMINA,2021-08-20T00:00:00Z,2021-08-10T19:39:00Z,1,Atlantic Immature Fruit,SRP331826,immature fruit,none,immature,,,,,
SRR15401403,RNA-Seq,100,3766627400,PRJNA753086,SAMN20673803,Plant,1240688371,UNIVERSITY OF GEORGIA,public,Atlantic,"fastq,run.zq,sra","ncbi,gs,s3","gs.us-east1,ncbi.public,s3.us-east-1",SRX11703660,USA,North America,USA:MI,Illumina NovaSeq 6000,ATL_DN,PAIRED,RANDOM,TRANSCRIPTOMIC,Solanum tuberosum,ILLUMINA,2021-08-20T00:00:00Z,2021-08-10T19:26:00Z,1,Atlantic Immature Fruit,SRP331826,immature fruit,none,immature,,,,,
SRR15401404,RNA-Seq,100,4455477600,PRJNA753086,SAMN20673803,Plant,1460599956,UNIVERSITY OF GEORGIA,public,Atlantic,"fastq,run.zq,sra","ncbi,gs,s3","gs.us-east1,s3.us-east-1,ncbi.public",SRX11703659,USA,North America,USA:MI,Illumina NovaSeq 6000,ATL_DM,PAIRED,RANDOM,TRANSCRIPTOMIC,Solanum tuberosum,ILLUMINA,2021-08-20T00:00:00Z,2021-08-10T19:29:00Z,1,Atlantic Immature Fruit,SRP331826,immature fruit,none,immature,,,,,
SRR15401405,RNA-Seq,100,3032496300,PRJNA753086,SAMN20673801,Plant,988711576,UNIVERSITY OF GEORGIA,public,Atlantic,"sra,run.zq,fastq","gs,ncbi,s3","s3.us-east-1,gs.us-east1,ncbi.public",SRX11703658,USA,North America,USA:MI,Illumina NovaSeq 6000,ATL_DL,PAIRED,RANDOM,TRANSCRIPTOMIC,Solanum tuberosum,ILLUMINA,2021-08-20T00:00:00Z,2021-08-10T19:20:00Z,1,Atlantic Drought Leaf,SRP331826,"mature leaf\, drought treatment",drought,mature,,,,,
SRR15401406,RNA-Seq,100,3779616700,PRJNA753086,SAMN20673801,Plant,1238321425,UNIVERSITY OF GEORGIA,public,Atlantic,"sra,fastq,run.zq","gs,s3,ncbi","s3.us-east-1,ncbi.public,gs.us-east1",SRX11703657,USA,North America,USA:MI,Illumina NovaSeq 6000,ATL_DK,PAIRED,RANDOM,TRANSCRIPTOMIC,Solanum tuberosum,ILLUMINA,2021-08-20T00:00:00Z,2021-08-10T19:23:00Z,1,Atlantic Drought Leaf,SRP331826,"mature leaf\, drought treatment",drought,mature,,,,,
SRR15401407,RNA-Seq,100,2751874500,PRJNA753086,SAMN20673797,Plant,902662256,UNIVERSITY OF GEORGIA,public,Atlantic,"sra,run.zq,fastq","ncbi,gs,s3","ncbi.public,gs.us-east1,s3.us-east-1",SRX11703656,USA,North America,USA:MI,Illumina NovaSeq 6000,ATL_DI,PAIRED,RANDOM,TRANSCRIPTOMIC,Solanum tuberosum,ILLUMINA,2021-08-20T00:00:00Z,2021-08-10T19:19:00Z,1,Atlantic Cold Leaf Control,SRP331826,"mature leaf\, cold treatment control",control,mature,,,,,
SRR15401408,RNA-Seq,100,2927704500,PRJNA753086,SAMN20673797,Plant,951337381,UNIVERSITY OF GEORGIA,public,Atlantic,"fastq,run.zq,sra","ncbi,gs,s3","gs.us-east1,s3.us-east-1,ncbi.public",SRX11703655,USA,North America,USA:MI,Illumina NovaSeq 6000,ATL_DH,PAIRED,RANDOM,TRANSCRIPTOMIC,Solanum tuberosum,ILLUMINA,2021-08-20T00:00:00Z,2021-08-10T19:24:00Z,1,Atlantic Cold Leaf Control,SRP331826,"mature leaf\, cold treatment control",control,mature,,,,,
SRR15401409,RNA-Seq,100,2575457000,PRJNA753086,SAMN20673797,Plant,861354245,UNIVERSITY OF GEORGIA,public,Atlantic,"fastq,run.zq,sra","gs,ncbi,s3","s3.us-east-1,gs.us-east1,ncbi.public",SRX11703654,USA,North America,USA:MI,Illumina NovaSeq 6000,ATL_DG,PAIRED,RANDOM,TRANSCRIPTOMIC,Solanum tuberosum,ILLUMINA,2021-08-20T00:00:00Z,2021-08-10T19:25:00Z,1,Atlantic Cold Leaf Control,SRP331826,"mature leaf\, cold treatment control",control,mature,,,,,
SRR15401410,RNA-Seq,100,4302227500,PRJNA753086,SAMN20673785,Plant,1409295780,UNIVERSITY OF GEORGIA,public,Atlantic,"sra,fastq,run.zq","ncbi,gs,s3","ncbi.public,gs.us-east1,s3.us-east-1",SRX11703653,USA,North America,USA:MI,Illumina NovaSeq 6000,ATL_AQ,PAIRED,RANDOM,TRANSCRIPTOMIC,Solanum tuberosum,ILLUMINA,2021-08-20T00:00:00Z,2021-08-10T19:34:00Z,1,AT Tuber Stage 3,SRP331826,tuber stage 3,none,mature,,,,,
SRR15401411,RNA-Seq,100,2418733400,PRJNA753086,SAMN20673807,Plant,801887401,UNIVERSITY OF GEORGIA,public,Atlantic,"sra,fastq,run.zq","gs,s3,ncbi","ncbi.public,gs.us-east1,s3.us-east-1",SRX11703652,USA,North America,USA:MI,Illumina NovaSeq 6000,ATL_DF,PAIRED,RANDOM,TRANSCRIPTOMIC,Solanum tuberosum,ILLUMINA,2021-08-20T00:00:00Z,2021-08-10T19:27:00Z,1,Atlantic Salt Leaf Control,SRP331826,"mature leaf\, salt treatment control",control,mature,,,,,
SRR15401412,RNA-Seq,100,2361736600,PRJNA753086,SAMN20673807,Plant,768549949,UNIVERSITY OF GEORGIA,public,Atlantic,"sra,fastq,run.zq","gs,ncbi,s3","ncbi.public,gs.us-east1,s3.us-east-1",SRX11703651,USA,North America,USA:MI,Illumina NovaSeq 6000,ATL_DE,PAIRED,RANDOM,TRANSCRIPTOMIC,Solanum tuberosum,ILLUMINA,2021-08-20T00:00:00Z,2021-08-10T19:28:00Z,1,Atlantic Salt Leaf Control,SRP331826,"mature leaf\, salt treatment control",control,mature,,,,,
SRR15401413,RNA-Seq,100,2193918400,PRJNA753086,SAMN20673807,Plant,709582173,UNIVERSITY OF GEORGIA,public,Atlantic,"sra,run.zq,fastq","ncbi,s3,gs","s3.us-east-1,gs.us-east1,ncbi.public",SRX11703650,USA,North America,USA:MI,Illumina NovaSeq 6000,ATL_DD,PAIRED,RANDOM,TRANSCRIPTOMIC,Solanum tuberosum,ILLUMINA,2021-08-20T00:00:00Z,2021-08-10T19:24:00Z,1,Atlantic Salt Leaf Control,SRP331826,"mature leaf\, salt treatment control",control,mature,,,,,
SRR15401414,RNA-Seq,100,1994875600,PRJNA753086,SAMN20673808,Plant,651556331,UNIVERSITY OF GEORGIA,public,Atlantic,"sra,run.zq,fastq","s3,gs,ncbi","gs.us-east1,ncbi.public,s3.us-east-1",SRX11703649,USA,North America,USA:MI,Illumina NovaSeq 6000,ATL_DC,PAIRED,RANDOM,TRANSCRIPTOMIC,Solanum tuberosum,ILLUMINA,2021-08-20T00:00:00Z,2021-08-10T19:22:00Z,1,Atlantic Salt Leaf,SRP331826,"mature leaf\, salt treatment",salt,mature,,,,,
SRR15401415,RNA-Seq,100,2641477300,PRJNA753086,SAMN20673808,Plant,863288354,UNIVERSITY OF GEORGIA,public,Atlantic,"sra,fastq,run.zq","gs,ncbi,s3","ncbi.public,gs.us-east1,s3.us-east-1",SRX11703648,USA,North America,USA:MI,Illumina NovaSeq 6000,ATL_DB,PAIRED,RANDOM,TRANSCRIPTOMIC,Solanum tuberosum,ILLUMINA,2021-08-20T00:00:00Z,2021-08-10T19:26:00Z,1,Atlantic Salt Leaf,SRP331826,"mature leaf\, salt treatment",salt,mature,,,,,
SRR15401416,RNA-Seq,100,3210535800,PRJNA753086,SAMN20673808,Plant,1040044142,UNIVERSITY OF GEORGIA,public,Atlantic,"fastq,sra,run.zq","s3,ncbi,gs","s3.us-east-1,gs.us-east1,ncbi.public",SRX11703647,USA,North America,USA:MI,Illumina NovaSeq 6000,ATL_DA,PAIRED,RANDOM,TRANSCRIPTOMIC,Solanum tuberosum,ILLUMINA,2021-08-20T00:00:00Z,2021-08-10T19:28:00Z,1,Atlantic Salt Leaf,SRP331826,"mature leaf\, salt treatment",salt,mature,,,,,
SRR15401417,RNA-Seq,100,3599720300,PRJNA753086,SAMN20673800,Plant,1166253296,UNIVERSITY OF GEORGIA,public,Atlantic,"run.zq,fastq,sra","gs,s3,ncbi","s3.us-east-1,gs.us-east1,ncbi.public",SRX11703646,USA,North America,USA:MI,Illumina NovaSeq 6000,ATL_CZ,PAIRED,RANDOM,TRANSCRIPTOMIC,Solanum tuberosum,ILLUMINA,2021-08-20T00:00:00Z,2021-08-10T19:32:00Z,1,Atlantic Control Stem,SRP331826,"stem\, control",control,mature,,,,,
SRR15401418,RNA-Seq,100,3375783400,PRJNA753086,SAMN20673800,Plant,1100367634,UNIVERSITY OF GEORGIA,public,Atlantic,"sra,fastq,run.zq","gs,s3,ncbi","s3.us-east-1,gs.us-east1,ncbi.public",SRX11703645,USA,North America,USA:MI,Illumina NovaSeq 6000,ATL_CY,PAIRED,RANDOM,TRANSCRIPTOMIC,Solanum tuberosum,ILLUMINA,2021-08-20T00:00:00Z,2021-08-10T19:38:00Z,1,Atlantic Control Stem,SRP331826,"stem\, control",control,mature,,,,,
SRR15401419,RNA-Seq,100,1464305700,PRJNA753086,SAMN20673800,Plant,500688409,UNIVERSITY OF GEORGIA,public,Atlantic,"run.zq,sra,fastq","ncbi,s3,gs","ncbi.public,s3.us-east-1,gs.us-east1",SRX11703644,USA,North America,USA:MI,Illumina NovaSeq 6000,ATL_CX,PAIRED,RANDOM,TRANSCRIPTOMIC,Solanum tuberosum,ILLUMINA,2021-08-20T00:00:00Z,2021-08-10T19:22:00Z,1,Atlantic Control Stem,SRP331826,"stem\, control",control,mature,,,,,
SRR15401420,RNA-Seq,100,3555113700,PRJNA753086,SAMN20673795,Plant,1176992381,UNIVERSITY OF GEORGIA,public,Atlantic,"run.zq,fastq,sra","gs,ncbi,s3","gs.us-east1,s3.us-east-1,ncbi.public",SRX11703643,USA,North America,USA:MI,Illumina NovaSeq 6000,ATL_CW,PAIRED,RANDOM,TRANSCRIPTOMIC,Solanum tuberosum,ILLUMINA,2021-08-20T00:00:00Z,2021-08-10T19:30:00Z,1,Atlantic BTH Control,SRP331826,"mature leaf\, BTH treatment control",control,mature,,,,,
SRR15401421,RNA-Seq,100,2904993000,PRJNA753086,SAMN20673786,Plant,938072470,UNIVERSITY OF GEORGIA,public,Atlantic,"run.zq,fastq,sra","ncbi,gs,s3","s3.us-east-1,ncbi.public,gs.us-east1",SRX11703642,USA,North America,USA:MI,Illumina NovaSeq 6000,ATL_AP,PAIRED,RANDOM,TRANSCRIPTOMIC,Solanum tuberosum,ILLUMINA,2021-08-20T00:00:00Z,2021-08-10T19:28:00Z,1,AT Tuber Stage 4,SRP331826,tuber stage 4,none,mature,,,,,
SRR15401422,RNA-Seq,100,3490245300,PRJNA753086,SAMN20673795,Plant,1131467206,UNIVERSITY OF GEORGIA,public,Atlantic,"run.zq,fastq,sra","s3,gs,ncbi","gs.us-east1,ncbi.public,s3.us-east-1",SRX11703641,USA,North America,USA:MI,Illumina NovaSeq 6000,ATL_CV,PAIRED,RANDOM,TRANSCRIPTOMIC,Solanum tuberosum,ILLUMINA,2021-08-20T00:00:00Z,2021-08-10T19:25:00Z,1,Atlantic BTH Control,SRP331826,"mature leaf\, BTH treatment control",control,mature,,,,,
SRR15401424,RNA-Seq,100,4361620800,PRJNA753086,SAMN20673805,Plant,1420713799,UNIVERSITY OF GEORGIA,public,Atlantic,"sra,fastq,run.zq","s3,gs,ncbi","s3.us-east-1,ncbi.public,gs.us-east1",SRX11703639,USA,North America,USA:MI,Illumina NovaSeq 6000,ATL_CT,PAIRED,RANDOM,TRANSCRIPTOMIC,Solanum tuberosum,ILLUMINA,2021-08-20T00:00:00Z,2021-08-10T19:37:00Z,1,Atlantic MeJa Control,SRP331826,"mature leaf\, methyl jasmonate treatment control",control,mature,,,,,
SRR15401425,RNA-Seq,100,3910987600,PRJNA753086,SAMN20673805,Plant,1258406415,UNIVERSITY OF GEORGIA,public,Atlantic,"sra,fastq,run.zq","ncbi,s3,gs","ncbi.public,s3.us-east-1,gs.us-east1",SRX11703638,USA,North America,USA:MI,Illumina NovaSeq 6000,ATL_CR,PAIRED,RANDOM,TRANSCRIPTOMIC,Solanum tuberosum,ILLUMINA,2021-08-20T00:00:00Z,2021-08-10T19:34:00Z,1,Atlantic MeJa Control,SRP331826,"mature leaf\, methyl jasmonate treatment control",control,mature,,,,,
SRR15401427,RNA-Seq,100,4100953300,PRJNA753086,SAMN20673782,Plant,1332460222,UNIVERSITY OF GEORGIA,public,Atlantic,"run.zq,sra,fastq","gs,ncbi,s3","gs.us-east1,s3.us-east-1,ncbi.public",SRX11703636,USA,North America,USA:MI,Illumina NovaSeq 6000,ATL_CH,PAIRED,RANDOM,TRANSCRIPTOMIC,Solanum tuberosum,ILLUMINA,2021-08-20T00:00:00Z,2021-08-10T19:32:00Z,1,AT Tuber Sprouts,SRP331826,tuber sprouts,none,immature,,,,,
SRR15401428,RNA-Seq,100,3289372900,PRJNA753086,SAMN20673782,Plant,1054622789,UNIVERSITY OF GEORGIA,public,Atlantic,"run.zq,fastq,sra","s3,ncbi,gs","ncbi.public,s3.us-east-1,gs.us-east1",SRX11703635,USA,North America,USA:MI,Illumina NovaSeq 6000,ATL_CG,PAIRED,RANDOM,TRANSCRIPTOMIC,Solanum tuberosum,ILLUMINA,2021-08-20T00:00:00Z,2021-08-10T19:34:00Z,1,AT Tuber Sprouts,SRP331826,tuber sprouts,none,immature,,,,,
SRR15401429,RNA-Seq,100,6125916900,PRJNA753086,SAMN20673806,Plant,2014722707,UNIVERSITY OF GEORGIA,public,Atlantic,"sra,run.zq,fastq","ncbi,s3,gs","gs.us-east1,s3.us-east-1,ncbi.public",SRX11703634,USA,North America,USA:MI,Illumina NovaSeq 6000,ATL_CF,PAIRED,RANDOM,TRANSCRIPTOMIC,Solanum tuberosum,ILLUMINA,2021-08-20T00:00:00Z,2021-08-10T19:47:00Z,1,Atlantic Open Flower,SRP331826,open flower,none,mature,,,,,
SRR15401430,RNA-Seq,100,2655955200,PRJNA753086,SAMN20673806,Plant,876522928,UNIVERSITY OF GEORGIA,public,Atlantic,"fastq,run.zq,sra","gs,ncbi,s3","ncbi.public,gs.us-east1,s3.us-east-1",SRX11703633,USA,North America,USA:MI,Illumina NovaSeq 6000,ATL_CE,PAIRED,RANDOM,TRANSCRIPTOMIC,Solanum tuberosum,ILLUMINA,2021-08-20T00:00:00Z,2021-08-10T19:31:00Z,1,Atlantic Open Flower,SRP331826,open flower,none,mature,,,,,
SRR15401431,RNA-Seq,100,3604816200,PRJNA753086,SAMN20673806,Plant,1196510248,UNIVERSITY OF GEORGIA,public,Atlantic,"run.zq,fastq,sra","gs,ncbi,s3","s3.us-east-1,ncbi.public,gs.us-east1",SRX11703632,USA,North America,USA:MI,Illumina NovaSeq 6000,ATL_CD,PAIRED,RANDOM,TRANSCRIPTOMIC,Solanum tuberosum,ILLUMINA,2021-08-20T00:00:00Z,2021-08-10T19:36:00Z,1,Atlantic Open Flower,SRP331826,open flower,none,mature,,,,,
SRR15401432,RNA-Seq,100,3757513400,PRJNA753086,SAMN20673786,Plant,1255783104,UNIVERSITY OF GEORGIA,public,Atlantic,"fastq,run.zq,sra","s3,gs,ncbi","gs.us-east1,ncbi.public,s3.us-east-1",SRX11703631,USA,North America,USA:MI,Illumina NovaSeq 6000,ATL_AO,PAIRED,RANDOM,TRANSCRIPTOMIC,Solanum tuberosum,ILLUMINA,2021-08-20T00:00:00Z,2021-08-10T19:42:00Z,1,AT Tuber Stage 4,SRP331826,tuber stage 4,none,mature,,,,,
SRR15401433,RNA-Seq,100,3834860000,PRJNA753086,SAMN20673796,Plant,1256041849,UNIVERSITY OF GEORGIA,public,Atlantic,"fastq,sra,run.zq","ncbi,s3,gs","ncbi.public,gs.us-east1,s3.us-east-1",SRX11703630,USA,North America,USA:MI,Illumina NovaSeq 6000,ATL_CC,PAIRED,RANDOM,TRANSCRIPTOMIC,Solanum tuberosum,ILLUMINA,2021-08-20T00:00:00Z,2021-08-10T19:38:00Z,1,Atlantic Closed Flower,SRP331826,closed flower,none,mature,,,,,
SRR15401434,RNA-Seq,100,2864206000,PRJNA753086,SAMN20673796,Plant,939148930,UNIVERSITY OF GEORGIA,public,Atlantic,"run.zq,sra,fastq","gs,s3,ncbi","gs.us-east1,s3.us-east-1,ncbi.public",SRX11703629,USA,North America,USA:MI,Illumina NovaSeq 6000,ATL_CB,PAIRED,RANDOM,TRANSCRIPTOMIC,Solanum tuberosum,ILLUMINA,2021-08-20T00:00:00Z,2021-08-10T19:31:00Z,1,Atlantic Closed Flower,SRP331826,closed flower,none,mature,,,,,
SRR15401435,RNA-Seq,100,4263033600,PRJNA753086,SAMN20673796,Plant,1396812181,UNIVERSITY OF GEORGIA,public,Atlantic,"fastq,sra,run.zq","gs,ncbi,s3","ncbi.public,s3.us-east-1,gs.us-east1",SRX11703628,USA,North America,USA:MI,Illumina NovaSeq 6000,ATL_CA,PAIRED,RANDOM,TRANSCRIPTOMIC,Solanum tuberosum,ILLUMINA,2021-08-20T00:00:00Z,2021-08-10T19:35:00Z,1,Atlantic Closed Flower,SRP331826,closed flower,none,mature,,,,,
SRR15401436,RNA-Seq,100,4019712400,PRJNA753086,SAMN20673790,Plant,1303148524,UNIVERSITY OF GEORGIA,public,Atlantic,"sra,fastq,run.zq","ncbi,gs,s3","ncbi.public,gs.us-east1,s3.us-east-1",SRX11703627,USA,North America,USA:MI,Illumina NovaSeq 6000,ATL_BW,PAIRED,RANDOM,TRANSCRIPTOMIC,Solanum tuberosum,ILLUMINA,2021-08-20T00:00:00Z,2021-08-10T19:38:00Z,1,AT YL 2am,SRP331826,immature leaf 2am harvest,none,immature,,,,,
SRR15401439,RNA-Seq,100,3961840400,PRJNA753086,SAMN20673789,Plant,1289093307,UNIVERSITY OF GEORGIA,public,Atlantic,"fastq,sra,run.zq","ncbi,s3,gs","s3.us-east-1,gs.us-east1,ncbi.public",SRX11703624,USA,North America,USA:MI,Illumina NovaSeq 6000,ATL_BS,PAIRED,RANDOM,TRANSCRIPTOMIC,Solanum tuberosum,ILLUMINA,2021-08-20T00:00:00Z,2021-08-10T19:38:00Z,1,AT YL 10pm,SRP331826,immature leaf 10pm harvest,none,immature,,,,,
SRR15401440,RNA-Seq,100,4063720800,PRJNA753086,SAMN20673789,Plant,1311304553,UNIVERSITY OF GEORGIA,public,Atlantic,"sra,fastq,run.zq","gs,s3,ncbi","s3.us-east-1,ncbi.public,gs.us-east1",SRX11703623,USA,North America,USA:MI,Illumina NovaSeq 6000,ATL_BR,PAIRED,RANDOM,TRANSCRIPTOMIC,Solanum tuberosum,ILLUMINA,2021-08-20T00:00:00Z,2021-08-10T19:39:00Z,1,AT YL 10pm,SRP331826,immature leaf 10pm harvest,none,immature,,,,,
SRR15401441,RNA-Seq,100,4618446100,PRJNA753086,SAMN20673793,Plant,1499677780,UNIVERSITY OF GEORGIA,public,Atlantic,"run.zq,fastq,sra","gs,s3,ncbi","ncbi.public,gs.us-east1,s3.us-east-1",SRX11703622,USA,North America,USA:MI,Illumina NovaSeq 6000,ATL_BQ,PAIRED,RANDOM,TRANSCRIPTOMIC,Solanum tuberosum,ILLUMINA,2021-08-20T00:00:00Z,2021-08-10T19:39:00Z,1,AT YL 6pm,SRP331826,immature leaf 6pm harvest,none,immature,,,,,
SRR15401442,RNA-Seq,100,4302320900,PRJNA753086,SAMN20673793,Plant,1405440886,UNIVERSITY OF GEORGIA,public,Atlantic,"sra,run.zq,fastq","ncbi,gs,s3","s3.us-east-1,gs.us-east1,ncbi.public",SRX11703621,USA,North America,USA:MI,Illumina NovaSeq 6000,ATL_BP,PAIRED,RANDOM,TRANSCRIPTOMIC,Solanum tuberosum,ILLUMINA,2021-08-20T00:00:00Z,2021-08-10T19:39:00Z,1,AT YL 6pm,SRP331826,immature leaf 6pm harvest,none,immature,,,,,
SRR15401443,RNA-Seq,100,4084830900,PRJNA753086,SAMN20673786,Plant,1334826499,UNIVERSITY OF GEORGIA,public,Atlantic,"run.zq,sra,fastq","s3,gs,ncbi","ncbi.public,gs.us-east1,s3.us-east-1",SRX11703620,USA,North America,USA:MI,Illumina NovaSeq 6000,ATL_AN,PAIRED,RANDOM,TRANSCRIPTOMIC,Solanum tuberosum,ILLUMINA,2021-08-20T00:00:00Z,2021-08-10T19:39:00Z,1,AT Tuber Stage 4,SRP331826,tuber stage 4,none,mature,,,,,
SRR15401444,RNA-Seq,100,4468116500,PRJNA753086,SAMN20673793,Plant,1460892320,UNIVERSITY OF GEORGIA,public,Atlantic,"run.zq,fastq,sra","ncbi,gs,s3","gs.us-east1,s3.us-east-1,ncbi.public",SRX11703619,USA,North America,USA:MI,Illumina NovaSeq 6000,ATL_BO,PAIRED,RANDOM,TRANSCRIPTOMIC,Solanum tuberosum,ILLUMINA,2021-08-20T00:00:00Z,2021-08-10T19:42:00Z,1,AT YL 6pm,SRP331826,immature leaf 6pm harvest,none,immature,,,,,
SRR15401445,RNA-Seq,100,3797977800,PRJNA753086,SAMN20673791,Plant,1229109918,UNIVERSITY OF GEORGIA,public,Atlantic,"run.zq,fastq,sra","s3,gs,ncbi","gs.us-east1,ncbi.public,s3.us-east-1",SRX11703618,USA,North America,USA:MI,Illumina NovaSeq 6000,ATL_BN,PAIRED,RANDOM,TRANSCRIPTOMIC,Solanum tuberosum,ILLUMINA,2021-08-20T00:00:00Z,2021-08-10T19:36:00Z,1,AT YL 2pm,SRP331826,immature leaf 2pm harvest,none,immature,,,,,
SRR15401446,RNA-Seq,100,2840865900,PRJNA753086,SAMN20673791,Plant,933269785,UNIVERSITY OF GEORGIA,public,Atlantic,"sra,fastq,run.zq","gs,s3,ncbi","gs.us-east1,ncbi.public,s3.us-east-1",SRX11703617,USA,North America,USA:MI,Illumina NovaSeq 6000,ATL_BM,PAIRED,RANDOM,TRANSCRIPTOMIC,Solanum tuberosum,ILLUMINA,2021-08-20T00:00:00Z,2021-08-10T19:30:00Z,1,AT YL 2pm,SRP331826,immature leaf 2pm harvest,none,immature,,,,,
SRR15401448,RNA-Seq,100,3781233800,PRJNA753086,SAMN20673788,Plant,1222510704,UNIVERSITY OF GEORGIA,public,Atlantic,"sra,run.zq,fastq","gs,ncbi,s3","gs.us-east1,ncbi.public,s3.us-east-1",SRX11703615,USA,North America,USA:MI,Illumina NovaSeq 6000,ATL_BK,PAIRED,RANDOM,TRANSCRIPTOMIC,Solanum tuberosum,ILLUMINA,2021-08-20T00:00:00Z,2021-08-10T19:34:00Z,1,AT YL 10am,SRP331826,immature leaf 10am harvest,none,immature,,,,,
SRR15401449,RNA-Seq,100,4934851200,PRJNA753086,SAMN20673788,Plant,1611321099,UNIVERSITY OF GEORGIA,public,Atlantic,"sra,run.zq,fastq","gs,ncbi,s3","ncbi.public,s3.us-east-1,gs.us-east1",SRX11703614,USA,North America,USA:MI,Illumina NovaSeq 6000,ATL_BJ,PAIRED,RANDOM,TRANSCRIPTOMIC,Solanum tuberosum,ILLUMINA,2021-08-20T00:00:00Z,2021-08-10T19:40:00Z,1,AT YL 10am,SRP331826,immature leaf 10am harvest,none,immature,,,,,
SRR15401450,RNA-Seq,100,3724679300,PRJNA753086,SAMN20673788,Plant,1206205793,UNIVERSITY OF GEORGIA,public,Atlantic,"fastq,run.zq,sra","s3,ncbi,gs","gs.us-east1,ncbi.public,s3.us-east-1",SRX11703613,USA,North America,USA:MI,Illumina NovaSeq 6000,ATL_BI,PAIRED,RANDOM,TRANSCRIPTOMIC,Solanum tuberosum,ILLUMINA,2021-08-20T00:00:00Z,2021-08-10T19:36:00Z,1,AT YL 10am,SRP331826,immature leaf 10am harvest,none,immature,,,,,
SRR15401451,RNA-Seq,100,5364901800,PRJNA753086,SAMN20673792,Plant,1783304709,UNIVERSITY OF GEORGIA,public,Atlantic,"sra,fastq,run.zq","gs,ncbi,s3","ncbi.public,s3.us-east-1,gs.us-east1",SRX11703612,USA,North America,USA:MI,Illumina NovaSeq 6000,ATL_BH,PAIRED,RANDOM,TRANSCRIPTOMIC,Solanum tuberosum,ILLUMINA,2021-08-20T00:00:00Z,2021-08-10T19:48:00Z,1,AT YL 6am start,SRP331826,immature leaf 6am start harvest,none,immature,,,,,
SRR15401452,RNA-Seq,100,5287647200,PRJNA753086,SAMN20673792,Plant,1815197176,UNIVERSITY OF GEORGIA,public,Atlantic,"sra,run.zq,fastq","gs,s3,ncbi","gs.us-east1,s3.us-east-1,ncbi.public",SRX11703611,USA,North America,USA:MI,Illumina NovaSeq 6000,ATL_BG,PAIRED,RANDOM,TRANSCRIPTOMIC,Solanum tuberosum,ILLUMINA,2021-08-20T00:00:00Z,2021-08-10T19:46:00Z,1,AT YL 6am start,SRP331826,immature leaf 6am start harvest,none,immature,,,,,
SRR15401453,RNA-Seq,100,3141245600,PRJNA753086,SAMN20673792,Plant,1044314649,UNIVERSITY OF GEORGIA,public,Atlantic,"fastq,sra,run.zq","ncbi,s3,gs","s3.us-east-1,gs.us-east1,ncbi.public",SRX11703610,USA,North America,USA:MI,Illumina NovaSeq 6000,ATL_BF,PAIRED,RANDOM,TRANSCRIPTOMIC,Solanum tuberosum,ILLUMINA,2021-08-20T00:00:00Z,2021-08-10T19:33:00Z,1,AT YL 6am start,SRP331826,immature leaf 6am start harvest,none,immature,,,,,
SRR15401454,RNA-Seq,100,5354946300,PRJNA753086,SAMN20673787,Plant,1688145877,UNIVERSITY OF GEORGIA,public,Atlantic,"fastq,run.zq,sra","ncbi,gs,s3","s3.us-east-1,ncbi.public,gs.us-east1",SRX11703609,USA,North America,USA:MI,Illumina NovaSeq 6000,ATL_AM,PAIRED,RANDOM,TRANSCRIPTOMIC,Solanum tuberosum,ILLUMINA,2021-08-20T00:00:00Z,2021-08-10T19:36:00Z,1,AT Tuber Stage 5,SRP331826,tuber stage 5,none,mature,,,,,
SRR15401455,RNA-Seq,100,3783556100,PRJNA753086,SAMN20673780,Plant,1233402083,UNIVERSITY OF GEORGIA,public,Atlantic,"fastq,sra,run.zq","s3,ncbi,gs","gs.us-east1,ncbi.public,s3.us-east-1",SRX11703608,USA,North America,USA:MI,Illumina NovaSeq 6000,ATL_BE,PAIRED,RANDOM,TRANSCRIPTOMIC,Solanum tuberosum,ILLUMINA,2021-08-20T00:00:00Z,2021-08-10T19:45:00Z,1,AT Stolon Hooked,SRP331826,hooked stolon,none,immature,,,,,
SRR15401456,RNA-Seq,100,5202613300,PRJNA753086,SAMN20673780,Plant,1686059573,UNIVERSITY OF GEORGIA,public,Atlantic,"run.zq,sra,fastq","gs,ncbi,s3","ncbi.public,s3.us-east-1,gs.us-east1",SRX11703607,USA,North America,USA:MI,Illumina NovaSeq 6000,ATL_BD,PAIRED,RANDOM,TRANSCRIPTOMIC,Solanum tuberosum,ILLUMINA,2021-08-20T00:00:00Z,2021-08-10T19:40:00Z,1,AT Stolon Hooked,SRP331826,hooked stolon,none,immature,,,,,
SRR15401457,RNA-Seq,100,4992024700,PRJNA753086,SAMN20673780,Plant,1619135900,UNIVERSITY OF GEORGIA,public,Atlantic,"fastq,run.zq,sra","gs,ncbi,s3","s3.us-east-1,gs.us-east1,ncbi.public",SRX11703606,USA,North America,USA:MI,Illumina NovaSeq 6000,ATL_BC,PAIRED,RANDOM,TRANSCRIPTOMIC,Solanum tuberosum,ILLUMINA,2021-08-20T00:00:00Z,2021-08-10T20:19:00Z,1,AT Stolon Hooked,SRP331826,hooked stolon,none,immature,,,,,
SRR15401458,RNA-Seq,100,4970498500,PRJNA753086,SAMN20673781,Plant,1624382505,UNIVERSITY OF GEORGIA,public,Atlantic,"sra,run.zq,fastq","gs,ncbi,s3","s3.us-east-1,ncbi.public,gs.us-east1",SRX11703605,USA,North America,USA:MI,Illumina NovaSeq 6000,ATL_BB,PAIRED,RANDOM,TRANSCRIPTOMIC,Solanum tuberosum,ILLUMINA,2021-08-20T00:00:00Z,2021-08-10T19:39:00Z,1,AT Stolon Swollen,SRP331826,swollen stolon,none,immature,,,,,
SRR15401459,RNA-Seq,100,4022150600,PRJNA753086,SAMN20673781,Plant,1329614541,UNIVERSITY OF GEORGIA,public,Atlantic,"sra,run.zq,fastq","s3,ncbi,gs","ncbi.public,s3.us-east-1,gs.us-east1",SRX11703604,USA,North America,USA:MI,Illumina NovaSeq 6000,ATL_BA,PAIRED,RANDOM,TRANSCRIPTOMIC,Solanum tuberosum,ILLUMINA,2021-08-20T00:00:00Z,2021-08-10T19:38:00Z,1,AT Stolon Swollen,SRP331826,swollen stolon,none,immature,,,,,
SRR15401460,RNA-Seq,100,2958724000,PRJNA753086,SAMN20673781,Plant,973311583,UNIVERSITY OF GEORGIA,public,Atlantic,"sra,fastq,run.zq","gs,s3,ncbi","ncbi.public,gs.us-east1,s3.us-east-1",SRX11703603,USA,North America,USA:MI,Illumina NovaSeq 6000,ATL_AZ,PAIRED,RANDOM,TRANSCRIPTOMIC,Solanum tuberosum,ILLUMINA,2021-08-20T00:00:00Z,2021-08-10T19:36:00Z,1,AT Stolon Swollen,SRP331826,swollen stolon,none,immature,,,,,
SRR15401461,RNA-Seq,100,3359378800,PRJNA753086,SAMN20673783,Plant,1091925829,UNIVERSITY OF GEORGIA,public,Atlantic,"sra,run.zq,fastq","s3,ncbi,gs","gs.us-east1,s3.us-east-1,ncbi.public",SRX11703602,USA,North America,USA:MI,Illumina NovaSeq 6000,ATL_AY,PAIRED,RANDOM,TRANSCRIPTOMIC,Solanum tuberosum,ILLUMINA,2021-08-20T00:00:00Z,2021-08-10T19:37:00Z,1,AT Tuber Stage 1,SRP331826,tuber stage 1,none,immature,,,,,
SRR15401462,RNA-Seq,100,3459304400,PRJNA753086,SAMN20673783,Plant,1119778201,UNIVERSITY OF GEORGIA,public,Atlantic,"sra,run.zq,fastq","ncbi,s3,gs","ncbi.public,gs.us-east1,s3.us-east-1",SRX11703601,USA,North America,USA:MI,Illumina NovaSeq 6000,ATL_AX,PAIRED,RANDOM,TRANSCRIPTOMIC,Solanum tuberosum,ILLUMINA,2021-08-20T00:00:00Z,2021-08-10T19:36:00Z,1,AT Tuber Stage 1,SRP331826,tuber stage 1,none,immature,,,,,
SRR15401463,RNA-Seq,100,6188448600,PRJNA753086,SAMN20673783,Plant,2023723041,UNIVERSITY OF GEORGIA,public,Atlantic,"sra,run.zq,fastq","ncbi,gs,s3","s3.us-east-1,gs.us-east1,ncbi.public",SRX11703600,USA,North America,USA:MI,Illumina NovaSeq 6000,ATL_AW,PAIRED,RANDOM,TRANSCRIPTOMIC,Solanum tuberosum,ILLUMINA,2021-08-20T00:00:00Z,2021-08-10T19:40:00Z,1,AT Tuber Stage 1,SRP331826,tuber stage 1,none,immature,,,,,
SRR15401464,RNA-Seq,100,1803415100,PRJNA753086,SAMN20673784,Plant,588463229,UNIVERSITY OF GEORGIA,public,Atlantic,"run.zq,sra,fastq","gs,s3,ncbi","gs.us-east1,s3.us-east-1,ncbi.public",SRX11703599,USA,North America,USA:MI,Illumina NovaSeq 6000,ATL_AV,PAIRED,RANDOM,TRANSCRIPTOMIC,Solanum tuberosum,ILLUMINA,2021-08-20T00:00:00Z,2021-08-10T19:28:00Z,1,AT Tuber Stage 2,SRP331826,tuber stage 2,none,immature,,,,,
SRR15401465,RNA-Seq,100,5025099000,PRJNA753086,SAMN20673787,Plant,1579061683,UNIVERSITY OF GEORGIA,public,Atlantic,"sra,fastq,run.zq","s3,ncbi,gs","ncbi.public,gs.us-east1,s3.us-east-1",SRX11703598,USA,North America,USA:MI,Illumina NovaSeq 6000,ATL_AL,PAIRED,RANDOM,TRANSCRIPTOMIC,Solanum tuberosum,ILLUMINA,2021-08-20T00:00:00Z,2021-08-10T20:24:00Z,1,AT Tuber Stage 5,SRP331826,tuber stage 5,none,mature,,,,,
SRR15401466,RNA-Seq,100,4357076800,PRJNA753086,SAMN20673787,Plant,1381618060,UNIVERSITY OF GEORGIA,public,Atlantic,"fastq,sra,run.zq","gs,ncbi,s3","s3.us-east-1,ncbi.public,gs.us-east1",SRX11703597,USA,North America,USA:MI,Illumina NovaSeq 6000,ATL_AK,PAIRED,RANDOM,TRANSCRIPTOMIC,Solanum tuberosum,ILLUMINA,2021-08-20T00:00:00Z,2021-08-10T19:39:00Z,1,AT Tuber Stage 5,SRP331826,tuber stage 5,none,mature,,,,,
SRR15609473,RNA-Seq,100,10542718600,PRJNA753086,SAMN20970594,Plant,3448499565,UNIVERSITY OF GEORGIA,public,Atlantic,"fastq,sra,run.zq","gs,ncbi,s3","s3.us-east-1,gs.us-east1,ncbi.public",SRX11906879,USA,North America,USA:MI,Illumina NovaSeq 6000,ATL_EN,PAIRED,RANDOM,TRANSCRIPTOMIC,Solanum tuberosum,ILLUMINA,2021-08-25T00:00:00Z,2021-08-25T13:29:00Z,1,Atlantic BTH,SRP331826,"mature leaf\, BTH treatment",,mature,,,,,
SRR15609474,RNA-Seq,100,10762630000,PRJNA753086,SAMN20970594,Plant,3557236687,UNIVERSITY OF GEORGIA,public,Atlantic,"run.zq,sra,fastq","s3,gs,ncbi","s3.us-east-1,ncbi.public,gs.us-east1",SRX11906878,USA,North America,USA:MI,Illumina NovaSeq 6000,ATL_EM,PAIRED,RANDOM,TRANSCRIPTOMIC,Solanum tuberosum,ILLUMINA,2021-08-25T00:00:00Z,2021-08-25T13:31:00Z,1,Atlantic BTH,SRP331826,"mature leaf\, BTH treatment",,mature,,,,,
SRR15609475,RNA-Seq,100,12540513200,PRJNA753086,SAMN20970594,Plant,4072902279,UNIVERSITY OF GEORGIA,public,Atlantic,"sra,fastq,run.zq","ncbi,s3,gs","gs.us-east1,ncbi.public,s3.us-east-1",SRX11906877,USA,North America,USA:MI,Illumina NovaSeq 6000,ATL_EL,PAIRED,RANDOM,TRANSCRIPTOMIC,Solanum tuberosum,ILLUMINA,2021-08-25T00:00:00Z,2021-08-25T13:46:00Z,1,Atlantic BTH,SRP331826,"mature leaf\, BTH treatment",,mature,,,,,
SRR28382575,ATAC-seq,123,30270082290,PRJNA753086,SAMN40526147,Plant,9330759434,UNIVERSITY OF GEORGIA,public,Atlantic,"sra,run.zq,fastq","s3,ncbi,gs","s3.us-east-1,ncbi.public,gs.us-east1",SRX23987440,USA,North America,USA:GA,Illumina NovaSeq 6000,ATL_FI (index AGGGACTG and CCTCTAAC),PAIRED,other,GENOMIC SINGLE CELL,Solanum tuberosum,ILLUMINA,2025-11-05T00:00:00Z,2024-03-18T22:01:00Z,1,"Atlantic, stolon tip",SRP331826,stolon,none,,immature,"25.5C day, 15.5C night, 500mE, 15hr day length 6am-9pm, 100% Far Red",2023,,
SRR28382578,ATAC-seq,123,28984986900,PRJNA753086,SAMN40526147,Plant,9112513174,UNIVERSITY OF GEORGIA,public,Atlantic,"run.zq,fastq,sra","s3,gs,ncbi","s3.us-east-1,gs.us-east1,ncbi.public",SRX23987437,USA,North America,USA:GA,Illumina NovaSeq 6000,ATL_FG (index ATTGGACG and CAGCTTAC),PAIRED,other,GENOMIC SINGLE CELL,Solanum tuberosum,ILLUMINA,2025-11-05T00:00:00Z,2024-03-18T22:20:00Z,1,"Atlantic, stolon tip",SRP331826,stolon,none,,immature,"25.5C day, 15.5C night, 500mE, 15hr day length 6am-9pm, 100% Far Red",2023,,
SRR28382583,ATAC-seq,166,20075744852,PRJNA753086,SAMN40526149,Plant,13169603317,UNIVERSITY OF GEORGIA,public,Atlantic,"fastq,run.zq,sra","ncbi,s3,gs","ncbi.public,gs.us-east1,s3.us-east-1",SRX23987432,USA,North America,USA:GA,Element AVITI,ATL_FN,PAIRED,other,GENOMIC,Solanum tuberosum,ELEMENT,2025-11-05T00:00:00Z,2024-03-18T22:00:00Z,1,"Atlantic, stolon tip, 5 weeks",SRP331826,stolon,none,,immature,"25.5C day, 15.5C night, 500mE, 15hr day length 6am-9pm, 100% Far Red",2023-11-20,5 weeks,
SRR28382586,RNA-Seq,140,60145724520,PRJNA753086,SAMN40526148,Plant,39217027948,UNIVERSITY OF GEORGIA,public,Atlantic,"fastq,sra,run.zq","s3,ncbi,gs","ncbi.public,gs.us-east1,s3.us-east-1",SRX23987429,USA,North America,USA:GA,Element AVITI,ATL_FK,PAIRED,Oligo-dT,TRANSCRIPTOMIC SINGLE CELL,Solanum tuberosum,ELEMENT,2025-11-05T00:00:00Z,2024-03-19T17:42:00Z,1,"Atlantic, mature leaf, 7 weeks, 6 days",SRP331826,leaf,none,,mature,"25.5C day, 15.5C night, 500mE, 15hr day length 6am-9pm, 100% Far Red",2023-08-09,"7 weeks\, 6 days",
SRR28354147,RNA-Seq,100,2291268300,PRJNA753086,SAMN40471009,Plant,789861151,UNIVERSITY OF GEORGIA,public,Atlantic,"sra,run.zq,fastq","s3,ncbi,gs","s3.us-east-1,ncbi.public,gs.us-east1",SRX23959464,USA,North America,USA:MI,Illumina NovaSeq 6000,M82_AT (Atlantic),PAIRED,RANDOM,TRANSCRIPTOMIC,Solanum tuberosum,ILLUMINA,2025-11-10T00:00:00Z,2024-03-15T11:54:00Z,1,"Atlantic, immature leaf 6am end harvest",SRP331826,leaf,none,,immature,"25.5C Day, 15.5C Night, 500mE, 15hr Day length 6am-9pm",2019-12-27,mature,6:00am
SRR28354148,RNA-Seq,100,1969066600,PRJNA753086,SAMN20673808,Plant,680364176,UNIVERSITY OF GEORGIA,public,Atlantic,"fastq,run.zq,sra","gs,ncbi,s3","s3.us-east-1,gs.us-east1,ncbi.public",SRX23959463,USA,North America,USA:MI,Illumina NovaSeq 6000,ATL_DC,PAIRED,RANDOM,TRANSCRIPTOMIC,Solanum tuberosum,ILLUMINA,2025-11-10T00:00:00Z,2024-03-15T11:55:00Z,1,Atlantic Salt Leaf,SRP331826,"mature leaf\, salt treatment",salt,mature,,,,,
SRR28354149,RNA-Seq,100,4781552900,PRJNA753086,SAMN20673808,Plant,1635355562,UNIVERSITY OF GEORGIA,public,Atlantic,"fastq,sra,run.zq","gs,s3,ncbi","gs.us-east1,ncbi.public,s3.us-east-1",SRX23959462,USA,North America,USA:MI,Illumina NovaSeq 6000,ATL_DB,PAIRED,RANDOM,TRANSCRIPTOMIC,Solanum tuberosum,ILLUMINA,2025-11-10T00:00:00Z,2024-03-15T11:57:00Z,1,Atlantic Salt Leaf,SRP331826,"mature leaf\, salt treatment",salt,mature,,,,,
SRR28354150,RNA-Seq,100,3203574100,PRJNA753086,SAMN20673800,Plant,1146540366,UNIVERSITY OF GEORGIA,public,Atlantic,"run.zq,fastq,sra","s3,ncbi,gs","s3.us-east-1,ncbi.public,gs.us-east1",SRX23959461,USA,North America,USA:MI,Illumina NovaSeq 6000,ATL_CX,PAIRED,RANDOM,TRANSCRIPTOMIC,Solanum tuberosum,ILLUMINA,2025-11-10T00:00:00Z,2024-03-15T11:54:00Z,1,Atlantic Control Stem,SRP331826,"stem\, control",control,mature,,,,,
SRR28354151,RNA-Seq,100,5019984500,PRJNA753086,SAMN40440198,Plant,1725448934,UNIVERSITY OF GEORGIA,public,Atlantic,"run.zq,fastq,sra","s3,ncbi,gs","gs.us-east1,s3.us-east-1,ncbi.public",SRX23959460,USA,North America,USA:MI,Illumina NovaSeq 6000,ATL_CQ,PAIRED,RANDOM,TRANSCRIPTOMIC,Solanum tuberosum,ILLUMINA,2025-11-10T00:00:00Z,2024-03-15T12:01:00Z,1,"Atlantic, mature leaf, methyl jasmonate treatment",SRP331826,leaf,methyl jasmonate (MeJA),,mature,"28C Day, 18C Night, 15hr Day length 6am-9pm",2020-08-19,31 days,
SRR28354152,RNA-Seq,100,5476919200,PRJNA753086,SAMN40440198,Plant,1866478807,UNIVERSITY OF GEORGIA,public,Atlantic,"sra,fastq,run.zq","gs,ncbi,s3","ncbi.public,gs.us-east1,s3.us-east-1",SRX23959459,USA,North America,USA:MI,Illumina NovaSeq 6000,ATL_CP,PAIRED,RANDOM,TRANSCRIPTOMIC,Solanum tuberosum,ILLUMINA,2025-11-10T00:00:00Z,2024-03-15T11:59:00Z,1,"Atlantic, mature leaf, methyl jasmonate treatment",SRP331826,leaf,methyl jasmonate (MeJA),,mature,"28C Day, 18C Night, 15hr Day length 6am-9pm",2020-08-19,31 days,
SRR28354153,RNA-Seq,100,3548860100,PRJNA753086,SAMN40471008,Plant,1294227226,UNIVERSITY OF GEORGIA,public,Atlantic,"sra,fastq,run.zq","s3,ncbi,gs","ncbi.public,s3.us-east-1,gs.us-east1",SRX23959458,USA,North America,USA:MI,Illumina NovaSeq 6000,ATL_CK,PAIRED,RANDOM,TRANSCRIPTOMIC,Solanum tuberosum,ILLUMINA,2025-11-10T00:00:00Z,2024-03-15T11:58:00Z,1,"Atlantic, mature leaf, heat treatment control",SRP331826,leaf,control,,mature,"28C Day, 18C Night, 15hr Day length 6am-9pm",2020-08-11,30 days,10:00am
SRR28354154,RNA-Seq,100,3308500700,PRJNA753086,SAMN40471008,Plant,1133590871,UNIVERSITY OF GEORGIA,public,Atlantic,"run.zq,sra,fastq","s3,ncbi,gs","ncbi.public,s3.us-east-1,gs.us-east1",SRX23959457,USA,North America,USA:MI,Illumina NovaSeq 6000,ATL_CJ,PAIRED,RANDOM,TRANSCRIPTOMIC,Solanum tuberosum,ILLUMINA,2025-11-10T00:00:00Z,2024-03-15T11:55:00Z,1,"Atlantic, mature leaf, heat treatment control",SRP331826,leaf,control,,mature,"28C Day, 18C Night, 15hr Day length 6am-9pm",2020-08-11,30 days,10:00am
SRR28354155,RNA-Seq,100,7320678300,PRJNA753086,SAMN20673805,Plant,2485743412,UNIVERSITY OF GEORGIA,public,Atlantic,"fastq,run.zq,sra","ncbi,gs,s3","s3.us-east-1,gs.us-east1,ncbi.public",SRX23959456,USA,North America,USA:MI,Illumina NovaSeq 6000,ATL_ER,PAIRED,RANDOM,TRANSCRIPTOMIC,Solanum tuberosum,ILLUMINA,2025-11-10T00:00:00Z,2024-03-15T11:58:00Z,1,Atlantic MeJa Control,SRP331826,"mature leaf\, methyl jasmonate treatment control",control,mature,,,,,
SRR28354156,RNA-Seq,100,8810459200,PRJNA753086,SAMN20673790,Plant,3051900821,UNIVERSITY OF GEORGIA,public,Atlantic,"run.zq,fastq,sra","gs,s3,ncbi","ncbi.public,s3.us-east-1,gs.us-east1",SRX23959455,USA,North America,USA:MI,Illumina NovaSeq 6000,ATL_EQ,PAIRED,RANDOM,TRANSCRIPTOMIC,Solanum tuberosum,ILLUMINA,2025-11-10T00:00:00Z,2024-03-15T12:03:00Z,1,AT YL 2am,SRP331826,immature leaf 2am harvest,none,immature,,,,,
SRR28354157,RNA-Seq,100,10791002400,PRJNA753086,SAMN20673784,Plant,3647021295,UNIVERSITY OF GEORGIA,public,Atlantic,"run.zq,sra,fastq","s3,ncbi,gs","gs.us-east1,ncbi.public,s3.us-east-1",SRX23959454,USA,North America,USA:MI,Illumina NovaSeq 6000,ATL_EP,PAIRED,RANDOM,TRANSCRIPTOMIC,Solanum tuberosum,ILLUMINA,2025-11-10T00:00:00Z,2024-03-15T12:04:00Z,1,AT Tuber Stage 2,SRP331826,tuber stage 2,none,immature,,,,,
SRR28354158,RNA-Seq,100,4823572300,PRJNA753086,SAMN40471009,Plant,1626290080,UNIVERSITY OF GEORGIA,public,Atlantic,"sra,run.zq,fastq","s3,ncbi,gs","ncbi.public,gs.us-east1,s3.us-east-1",SRX23959453,USA,North America,USA:MI,Illumina NovaSeq 6000,M82_AU (Atlantic),PAIRED,RANDOM,TRANSCRIPTOMIC,Solanum tuberosum,ILLUMINA,2025-11-10T00:00:00Z,2024-03-15T11:57:00Z,1,"Atlantic, immature leaf 6am end harvest",SRP331826,leaf,none,,immature,"25.5C Day, 15.5C Night, 500mE, 15hr Day length 6am-9pm",2019-12-27,mature,6:00am
SRR28354159,RNA-Seq,100,1521566100,PRJNA753086,SAMN20673784,Plant,524628118,UNIVERSITY OF GEORGIA,public,Atlantic,"sra,fastq,run.zq","ncbi,s3,gs","s3.us-east-1,gs.us-east1,ncbi.public",SRX23959452,USA,North America,USA:MI,Illumina NovaSeq 6000,ATL_AV,PAIRED,RANDOM,TRANSCRIPTOMIC,Solanum tuberosum,ILLUMINA,2025-11-10T00:00:00Z,2024-03-15T11:55:00Z,1,AT Tuber Stage 2,SRP331826,tuber stage 2,none,immature,,,,,
SRR28354160,RNA-Seq,100,2180755600,PRJNA753086,SAMN20673784,Plant,750244399,UNIVERSITY OF GEORGIA,public,Atlantic,"fastq,sra,run.zq","s3,ncbi,gs","gs.us-east1,ncbi.public,s3.us-east-1",SRX23959451,USA,North America,USA:MI,Illumina NovaSeq 6000,ATL_AU,PAIRED,RANDOM,TRANSCRIPTOMIC,Solanum tuberosum,ILLUMINA,2025-11-10T00:00:00Z,2024-03-15T11:55:00Z,1,AT Tuber Stage 2,SRP331826,tuber stage 2,none,immature,,,,,
SRR28354701,RNA-Seq,824,895378925,PRJNA753086,SAMN40394186,Plant,805377762,UNIVERSITY OF GEORGIA,public,Atlantic,"fastq,sra","gs,s3,ncbi","gs.us-east1,s3.us-east-1,ncbi.public",SRX23960029,USA,North America,USA:MI,MinION,ATL_AJ_01_ONT_cDNA bc07,SINGLE,RANDOM,TRANSCRIPTOMIC,Solanum tuberosum,OXFORD_NANOPORE,2025-11-10T00:00:00Z,2024-03-15T12:22:00Z,1,"Atlantic, mature leaf",SRP331826,leaf,none,,mature,,,,
SRR28354702,RNA-Seq,834,240725392,PRJNA753086,SAMN40440197,Plant,219944602,UNIVERSITY OF GEORGIA,public,Atlantic,"fastq,sra","gs,ncbi,s3","s3.us-east-1,ncbi.public,gs.us-east1",SRX23960028,USA,North America,USA:MI,MinION,ATL_AI_02_ONT bc02,SINGLE,RANDOM,TRANSCRIPTOMIC,Solanum tuberosum,OXFORD_NANOPORE,2025-11-10T00:00:00Z,2024-03-15T12:21:00Z,1,"Atlantic, tuber, flesh",SRP331826,"tuber\, flesh",none,,mature,,,mature,
SRR28354703,RNA-Seq,831,73901742,PRJNA753086,SAMN40394186,Plant,67137639,UNIVERSITY OF GEORGIA,public,Atlantic,"fastq,sra","gs,ncbi,s3","s3.us-east-1,gs.us-east1,ncbi.public",SRX23960027,USA,North America,USA:MI,MinION,ATL_AI_02_ONT bc01,SINGLE,RANDOM,TRANSCRIPTOMIC,Solanum tuberosum,OXFORD_NANOPORE,2025-11-10T00:00:00Z,2024-03-15T12:20:00Z,1,"Atlantic, mature leaf",SRP331826,leaf,none,,mature,,,,
SRR28354704,RNA-Seq,895,1387462172,PRJNA753086,SAMN40440197,Plant,1250471691,UNIVERSITY OF GEORGIA,public,Atlantic,"sra,fastq","s3,ncbi,gs","gs.us-east1,ncbi.public,s3.us-east-1",SRX23960030,USA,North America,USA:MI,MinION,ATL_AJ_01_ONT_cDNA bc08,SINGLE,RANDOM,TRANSCRIPTOMIC,Solanum tuberosum,OXFORD_NANOPORE,2025-11-10T00:00:00Z,2024-03-15T12:21:00Z,1,"Atlantic, tuber, flesh",SRP331826,"tuber\, flesh",none,,mature,,,mature,
SRR28354705,RNA-Seq,791,1187804187,PRJNA753086,SAMN40440197,Plant,1081744236,UNIVERSITY OF GEORGIA,public,Atlantic,"fastq,sra","s3,ncbi,gs","ncbi.public,s3.us-east-1,gs.us-east1",SRX23960026,USA,North America,USA:MI,MinION,ATL_AI_01_ONT bc02,SINGLE,RANDOM,TRANSCRIPTOMIC,Solanum tuberosum,OXFORD_NANOPORE,2025-11-10T00:00:00Z,2024-03-15T12:22:00Z,1,"Atlantic, tuber, flesh",SRP331826,"tuber\, flesh",none,,mature,,,mature,
SRR28354706,RNA-Seq,739,503573131,PRJNA753086,SAMN40394186,Plant,456810833,UNIVERSITY OF GEORGIA,public,Atlantic,"sra,fastq","s3,gs,ncbi","ncbi.public,s3.us-east-1,gs.us-east1",SRX23960025,USA,North America,USA:MI,MinION,ATL_AI_01_ONT bc01,SINGLE,RANDOM,TRANSCRIPTOMIC,Solanum tuberosum,OXFORD_NANOPORE,2025-11-10T00:00:00Z,2024-03-15T12:21:00Z,1,"Atlantic, mature leaf",SRP331826,leaf,none,,mature,,,,
SRR28354707,RNA-Seq,738,608862773,PRJNA753086,SAMN40440197,Plant,559031195,UNIVERSITY OF GEORGIA,public,Atlantic,"sra,fastq","gs,ncbi,s3","s3.us-east-1,ncbi.public,gs.us-east1",SRX23960024,USA,North America,USA:MI,MinION,ATL_AF_02 bc10,SINGLE,RANDOM,TRANSCRIPTOMIC,Solanum tuberosum,OXFORD_NANOPORE,2025-11-10T00:00:00Z,2024-03-15T12:21:00Z,1,"Atlantic, tuber, flesh",SRP331826,"tuber\, flesh",none,,mature,,,mature,
SRR28354708,RNA-Seq,974,8543812070,PRJNA753086,SAMN40440200,Plant,7628329919,UNIVERSITY OF GEORGIA,public,Atlantic,"fastq,sra","gs,s3,ncbi","s3.us-east-1,ncbi.public,gs.us-east1",SRX23960023,USA,North America,USA:MI,MinION,ATL_FB_02_ONT,SINGLE,RANDOM,TRANSCRIPTOMIC,Solanum tuberosum,OXFORD_NANOPORE,2025-11-10T00:00:00Z,2024-03-15T12:26:00Z,1,"Atlantic, tuber stage 3, tuber stage 4, tuber stage 5",SRP331826,"tuber\, flesh and peel",none,,mature,"25.5C Day, 15.5C Night, 500mE, 15hr Day length 6am-9pm",2020-05,mature,
SRR28354709,RNA-Seq,940,4588780286,PRJNA753086,SAMN20673799,Plant,4116725246,UNIVERSITY OF GEORGIA,public,Atlantic,"sra,fastq","gs,ncbi,s3","s3.us-east-1,ncbi.public,gs.us-east1",SRX23960021,USA,North America,USA:MI,MinION,ATL_FA_02_ONT,SINGLE,RANDOM,TRANSCRIPTOMIC,Solanum tuberosum,OXFORD_NANOPORE,2025-11-10T00:00:00Z,2024-03-15T12:23:00Z,1,Atlantic Control Root,SRP331826,"root\, control",control,mature,,,,,
SRR28354710,RNA-Seq,924,2851553733,PRJNA753086,SAMN20673799,Plant,2551218405,UNIVERSITY OF GEORGIA,public,Atlantic,"sra,fastq","ncbi,gs,s3","ncbi.public,gs.us-east1,s3.us-east-1",SRX23960020,USA,North America,USA:MI,MinION,ATL_FA_01_ONT,SINGLE,RANDOM,TRANSCRIPTOMIC,Solanum tuberosum,OXFORD_NANOPORE,2025-11-10T00:00:00Z,2024-03-15T12:24:00Z,1,Atlantic Control Root,SRP331826,"root\, control",control,mature,,,,,
SRR28354711,RNA-Seq,940,7612252177,PRJNA753086,SAMN20673804,Plant,6773486211,UNIVERSITY OF GEORGIA,public,Atlantic,"fastq,sra","gs,s3,ncbi","s3.us-east-1,gs.us-east1,ncbi.public",SRX23960019,USA,North America,USA:MI,MinION,ATL_EZ_01_ONT,SINGLE,RANDOM,TRANSCRIPTOMIC,Solanum tuberosum,OXFORD_NANOPORE,2025-11-10T00:00:00Z,2024-03-15T12:25:00Z,1,Atlantic Mature Fruit,SRP331826,mature fruit,none,mature,,,,,
SRR28354712,RNA-Seq,1042,1299983635,PRJNA753086,SAMN40440200,Plant,1139262208,UNIVERSITY OF GEORGIA,public,Atlantic,"sra,fastq","gs,s3,ncbi","ncbi.public,s3.us-east-1,gs.us-east1",SRX23960022,USA,North America,USA:MI,MinION,ATL_FB_01_ONT,SINGLE,RANDOM,TRANSCRIPTOMIC,Solanum tuberosum,OXFORD_NANOPORE,2025-11-10T00:00:00Z,2024-03-15T12:21:00Z,1,"Atlantic, tuber stage 3, tuber stage 4, tuber stage 5",SRP331826,"tuber\, flesh and peel",none,,mature,"25.5C Day, 15.5C Night, 500mE, 15hr Day length 6am-9pm",2020-05,mature,
SRR28354713,RNA-Seq,685,4487472201,PRJNA753086,SAMN20673788,Plant,4100071194,UNIVERSITY OF GEORGIA,public,Atlantic,"sra,fastq","gs,ncbi,s3","s3.us-east-1,gs.us-east1,ncbi.public",SRX23960018,USA,North America,USA:MI,MinION,ATL_EY_01_ONT,SINGLE,RANDOM,TRANSCRIPTOMIC,Solanum tuberosum,OXFORD_NANOPORE,2025-11-10T00:00:00Z,2024-03-15T12:26:00Z,1,AT YL 10am,SRP331826,immature leaf 10am harvest,none,immature,,,,,
SRR28354714,RNA-Seq,703,1189977263,PRJNA753086,SAMN40394186,Plant,1087547944,UNIVERSITY OF GEORGIA,public,Atlantic,"sra,fastq","ncbi,s3,gs","s3.us-east-1,ncbi.public,gs.us-east1",SRX23960017,USA,North America,USA:MI,MinION,ATL_AF_02 bc09,SINGLE,RANDOM,TRANSCRIPTOMIC,Solanum tuberosum,OXFORD_NANOPORE,2025-11-10T00:00:00Z,2024-03-15T12:22:00Z,1,"Atlantic, mature leaf",SRP331826,leaf,none,,mature,,,,
SRR28354715,RNA-Seq,452,851578375,PRJNA753086,SAMN20673806,Plant,806198418,UNIVERSITY OF GEORGIA,public,Atlantic,"sra,fastq","s3,gs,ncbi","ncbi.public,gs.us-east1,s3.us-east-1",SRX23960016,USA,North America,USA:MI,MinION,ATL_EX_01_ONT,SINGLE,RANDOM,TRANSCRIPTOMIC,Solanum tuberosum,OXFORD_NANOPORE,2025-11-10T00:00:00Z,2024-03-15T12:21:00Z,1,Atlantic Open Flower,SRP331826,open flower,none,mature,,,,,
SRR28354716,RNA-Seq,758,4796894587,PRJNA753086,SAMN40440199,Plant,4346837425,UNIVERSITY OF GEORGIA,public,Atlantic,"sra,fastq","ncbi,gs,s3","ncbi.public,s3.us-east-1,gs.us-east1",SRX23960015,USA,North America,USA:MI,MinION,ATL_EW_02_ONT,SINGLE,RANDOM,TRANSCRIPTOMIC,Solanum tuberosum,OXFORD_NANOPORE,2025-11-10T00:00:00Z,2024-03-15T12:23:00Z,1,"Atlantic, hooked stolon and swollen stolon",SRP331826,stolon,none,,mature,"25.5C Day, 15.5C Night, 500mE, 15hr Day length 6am-9pm",,mature,
SRR28354717,RNA-Seq,856,5717128990,PRJNA753086,SAMN40440198,Plant,5098824027,UNIVERSITY OF GEORGIA,public,Atlantic,"sra,fastq","ncbi,gs,s3","gs.us-east1,ncbi.public,s3.us-east-1",SRX23960013,USA,North America,USA:MI,MinION,ATL_EU_01_ONT,SINGLE,RANDOM,TRANSCRIPTOMIC,Solanum tuberosum,OXFORD_NANOPORE,2025-11-10T00:00:00Z,2024-03-15T12:24:00Z,1,"Atlantic, mature leaf, methyl jasmonate treatment",SRP331826,leaf,methyl jasmonate (MeJA),,mature,"28C Day, 18C Night, 15hr Day length 6am-9pm",2020-08-19,31 days,
SRR28354718,RNA-Seq,976,6343287594,PRJNA753086,SAMN20673799,Plant,5631942507,UNIVERSITY OF GEORGIA,public,Atlantic,"sra,fastq","ncbi,s3,gs","ncbi.public,gs.us-east1,s3.us-east-1",SRX23960012,USA,North America,USA:MI,MinION,ATL_ET_02_ONT,SINGLE,RANDOM,TRANSCRIPTOMIC,Solanum tuberosum,OXFORD_NANOPORE,2025-11-10T00:00:00Z,2024-03-15T12:28:00Z,1,Atlantic Control Root,SRP331826,"root\, control",control,mature,,,,,
SRR28354719,RNA-Seq,982,2366226486,PRJNA753086,SAMN20673799,Plant,2103619781,UNIVERSITY OF GEORGIA,public,Atlantic,"sra,fastq","s3,ncbi,gs","gs.us-east1,s3.us-east-1,ncbi.public",SRX23960011,USA,North America,USA:MI,MinION,ATL_ET_01_ONT,SINGLE,RANDOM,TRANSCRIPTOMIC,Solanum tuberosum,OXFORD_NANOPORE,2025-11-10T00:00:00Z,2024-03-15T12:22:00Z,1,Atlantic Control Root,SRP331826,"root\, control",control,mature,,,,,
SRR28354720,RNA-Seq,894,3971804422,PRJNA753086,SAMN20673794,Plant,3553223849,UNIVERSITY OF GEORGIA,public,Atlantic,"fastq,sra","gs,ncbi,s3","gs.us-east1,s3.us-east-1,ncbi.public",SRX23960014,USA,North America,USA:MI,MinION,ATL_EV_01_ONT,SINGLE,RANDOM,TRANSCRIPTOMIC,Solanum tuberosum,OXFORD_NANOPORE,2025-11-10T00:00:00Z,2024-03-15T12:25:00Z,1,ATL Heat,SRP331826,"mature leaf\, heat treatment",heat,mature,,,,,
SRR28354721,RNA-Seq,997,8005224736,PRJNA753086,SAMN20673800,Plant,7141438506,UNIVERSITY OF GEORGIA,public,Atlantic,"sra,fastq","s3,gs,ncbi","s3.us-east-1,ncbi.public,gs.us-east1",SRX23960010,USA,North America,USA:MI,MinION,ATL_ES_03_ONT,SINGLE,RANDOM,TRANSCRIPTOMIC,Solanum tuberosum,OXFORD_NANOPORE,2025-11-10T00:00:00Z,2024-03-15T12:25:00Z,1,Atlantic Control Stem,SRP331826,"stem\, control",control,mature,,,,,
SRR28354722,RNA-Seq,1044,1112636537,PRJNA753086,SAMN20673800,Plant,1003528111,UNIVERSITY OF GEORGIA,public,Atlantic,"fastq,sra","ncbi,gs,s3","gs.us-east1,s3.us-east-1,ncbi.public",SRX23960009,USA,North America,USA:MI,MinION,ATL_ES_02_ONT,SINGLE,RANDOM,TRANSCRIPTOMIC,Solanum tuberosum,OXFORD_NANOPORE,2025-11-10T00:00:00Z,2024-03-15T12:22:00Z,1,Atlantic Control Stem,SRP331826,"stem\, control",control,mature,,,,,
SRR28354723,RNA-Seq,1006,485666256,PRJNA753086,SAMN40440197,Plant,436833768,UNIVERSITY OF GEORGIA,public,Atlantic,"fastq,sra","gs,s3,ncbi","ncbi.public,gs.us-east1,s3.us-east-1",SRX23960008,USA,North America,USA:MI,MinION,ATL_AJ_02_ONT_cDNA bc08,SINGLE,RANDOM,TRANSCRIPTOMIC,Solanum tuberosum,OXFORD_NANOPORE,2025-11-10T00:00:00Z,2024-03-15T12:21:00Z,1,"Atlantic, tuber, flesh",SRP331826,"tuber\, flesh",none,,mature,,,mature,
SRR28354724,RNA-Seq,982,277583053,PRJNA753086,SAMN40394186,Plant,248961431,UNIVERSITY OF GEORGIA,public,Atlantic,"fastq,sra","gs,ncbi,s3","s3.us-east-1,gs.us-east1,ncbi.public",SRX23960007,USA,North America,USA:MI,MinION,ATL_AJ_02_ONT_cDNA bc07,SINGLE,RANDOM,TRANSCRIPTOMIC,Solanum tuberosum,OXFORD_NANOPORE,2025-11-10T00:00:00Z,2024-03-15T12:22:00Z,1,"Atlantic, mature leaf",SRP331826,leaf,none,,mature,,,,
SRR28354725,RNA-Seq,721,1792369756,PRJNA753086,SAMN40440197,Plant,1640549066,UNIVERSITY OF GEORGIA,public,Atlantic,"fastq,sra","s3,gs,ncbi","gs.us-east1,ncbi.public,s3.us-east-1",SRX23960006,USA,North America,USA:MI,MinION,ATL_AF_01 bc10,SINGLE,RANDOM,TRANSCRIPTOMIC,Solanum tuberosum,OXFORD_NANOPORE,2025-11-10T00:00:00Z,2024-03-15T12:24:00Z,1,"Atlantic, tuber, flesh",SRP331826,"tuber\, flesh",none,,mature,,,mature,
SRR28354726,RNA-Seq,685,3500012792,PRJNA753086,SAMN40394186,Plant,3186495918,UNIVERSITY OF GEORGIA,public,Atlantic,"fastq,sra","s3,ncbi,gs","ncbi.public,gs.us-east1,s3.us-east-1",SRX23960005,USA,North America,USA:MI,MinION,ATL_AF_01 bc09,SINGLE,RANDOM,TRANSCRIPTOMIC,Solanum tuberosum,OXFORD_NANOPORE,2025-11-10T00:00:00Z,2024-03-15T12:23:00Z,1,"Atlantic, mature leaf",SRP331826,leaf,none,,mature,,,,
SRR28374999,RNA-Seq,759,9371391272,PRJNA753086,SAMN40440199,Plant,8472134194,UNIVERSITY OF GEORGIA,public,Atlantic,"fastq,sra","ncbi,gs,s3","gs.us-east1,ncbi.public,s3.us-east-1",SRX23980006,USA,North America,USA:MI,MinION,ATL_EW_01_ONT,SINGLE,RANDOM,TRANSCRIPTOMIC,Solanum tuberosum,OXFORD_NANOPORE,2025-11-10T00:00:00Z,2024-03-18T15:25:00Z,1,"Atlantic, hooked stolon and swollen stolon",SRP331826,stolon,none,,mature,"25.5C Day, 15.5C Night, 500mE, 15hr Day length 6am-9pm",,mature,
SRR28375000,RNA-Seq,997,10022043735,PRJNA753086,SAMN20673800,Plant,8922758515,UNIVERSITY OF GEORGIA,public,Atlantic,"sra,fastq","ncbi,gs,s3","gs.us-east1,s3.us-east-1,ncbi.public",SRX23980005,USA,North America,USA:MI,MinION,ATL_ES_01_ONT,SINGLE,RANDOM,TRANSCRIPTOMIC,Solanum tuberosum,OXFORD_NANOPORE,2025-11-10T00:00:00Z,2024-03-18T15:31:00Z,1,Atlantic Control Stem,SRP331826,"stem\, control",control,mature,,,,,
SRR28299651,Hi-C,300,48733926600,PRJNA753086,SAMN40394186,Plant,21707557008,UNIVERSITY OF GEORGIA,public,Atlantic,"fastq,run.zq,sra","s3,gs,ncbi","ncbi.public,s3.us-east-1,gs.us-east1",SRX23908356,USA,North America,USA:MI,Illumina HiSeq 4000,ATL_AC,PAIRED,RANDOM,GENOMIC,Solanum tuberosum,ILLUMINA,2025-11-10T00:00:00Z,2024-03-14T01:17:00Z,1,"Atlantic, mature leaf",SRP331826,leaf,none,,mature,,,,
SRR28299652,Hi-C,300,53477305800,PRJNA753086,SAMN40394186,Plant,23241981946,UNIVERSITY OF GEORGIA,public,Atlantic,"run.zq,fastq,sra","ncbi,gs,s3","s3.us-east-1,ncbi.public,gs.us-east1",SRX23908355,USA,North America,USA:MI,Illumina HiSeq 4000,ATL_AB,PAIRED,RANDOM,GENOMIC,Solanum tuberosum,ILLUMINA,2025-11-10T00:00:00Z,2024-03-12T12:15:00Z,1,"Atlantic, mature leaf",SRP331826,leaf,none,,mature,,,,
SRR28382573,RNA-Seq,118,47295994062,PRJNA753086,SAMN40526147,Plant,14215736355,UNIVERSITY OF GEORGIA,public,Atlantic,"run.zq,fastq,sra","ncbi,gs,s3","s3.us-east-1,ncbi.public,gs.us-east1",SRX23987442,USA,North America,USA:GA,Illumina NovaSeq 6000,ATL_FJ,PAIRED,other,TRANSCRIPTOMIC SINGLE CELL,Solanum tuberosum,ILLUMINA,2025-11-05T00:00:00Z,2024-03-18T22:48:00Z,1,"Atlantic, stolon tip",SRP331826,stolon,none,,immature,"25.5C day, 15.5C night, 500mE, 15hr day length 6am-9pm, 100% Far Red",2023,,
SRR28382574,ATAC-seq,123,31277418588,PRJNA753086,SAMN40526147,Plant,9835061370,UNIVERSITY OF GEORGIA,public,Atlantic,"run.zq,fastq,sra","gs,s3,ncbi","gs.us-east1,ncbi.public,s3.us-east-1",SRX23987441,USA,North America,USA:GA,Illumina NovaSeq 6000,ATL_FI (index GACAGGCT and TTATCTGA),PAIRED,other,GENOMIC SINGLE CELL,Solanum tuberosum,ILLUMINA,2025-11-05T00:00:00Z,2024-03-18T22:05:00Z,1,"Atlantic, stolon tip",SRP331826,stolon,none,,immature,"25.5C day, 15.5C night, 500mE, 15hr day length 6am-9pm, 100% Far Red",2023,,
SRR28382576,RNA-Seq,118,44195815226,PRJNA753086,SAMN40526147,Plant,13390329981,UNIVERSITY OF GEORGIA,public,Atlantic,"run.zq,sra,fastq","ncbi,s3,gs","ncbi.public,s3.us-east-1,gs.us-east1",SRX23987439,USA,North America,USA:GA,Illumina NovaSeq 6000,ATL_FH,PAIRED,other,TRANSCRIPTOMIC SINGLE CELL,Solanum tuberosum,ILLUMINA,2025-11-05T00:00:00Z,2024-03-18T22:13:00Z,1,"Atlantic, stolon tip",SRP331826,stolon,none,,immature,"25.5C day, 15.5C night, 500mE, 15hr day length 6am-9pm, 100% Far Red",2023,,
SRR28382577,ATAC-seq,123,33554243175,PRJNA753086,SAMN40526147,Plant,10558731064,UNIVERSITY OF GEORGIA,public,Atlantic,"run.zq,sra,fastq","gs,ncbi,s3","gs.us-east1,s3.us-east-1,ncbi.public",SRX23987438,USA,North America,USA:GA,Illumina NovaSeq 6000,ATL_FG (index GGCAAGGA and TCATCCTT),PAIRED,other,GENOMIC SINGLE CELL,Solanum tuberosum,ILLUMINA,2025-11-05T00:00:00Z,2024-03-18T22:05:00Z,1,"Atlantic, stolon tip",SRP331826,stolon,none,,immature,"25.5C day, 15.5C night, 500mE, 15hr day length 6am-9pm, 100% Far Red",2023,,
SRR28382579,ATAC-seq,131,720070058,PRJNA753086,SAMN40526147,Plant,394056540,UNIVERSITY OF GEORGIA,public,Atlantic,"fastq,run.zq,sra","gs,ncbi,s3","s3.us-east-1,ncbi.public,gs.us-east1",SRX23987436,USA,North America,USA:GA,Illumina MiSeq,ATL_FF,PAIRED,other,GENOMIC SINGLE CELL,Solanum tuberosum,ILLUMINA,2025-11-05T00:00:00Z,2024-03-18T21:40:00Z,1,"Atlantic, stolon tip",SRP331826,stolon,none,,immature,"25.5C day, 15.5C night, 500mE, 15hr day length 6am-9pm, 100% Far Red",2023,,
SRR28382580,ATAC-seq,131,640364025,PRJNA753086,SAMN40526147,Plant,351073909,UNIVERSITY OF GEORGIA,public,Atlantic,"run.zq,fastq,sra","s3,gs,ncbi","gs.us-east1,s3.us-east-1,ncbi.public",SRX23987435,USA,North America,USA:GA,Illumina MiSeq,ATL_FE,PAIRED,other,GENOMIC SINGLE CELL,Solanum tuberosum,ILLUMINA,2025-11-05T00:00:00Z,2024-03-18T21:39:00Z,1,"Atlantic, stolon tip",SRP331826,stolon,none,,immature,"25.5C day, 15.5C night, 500mE, 15hr day length 6am-9pm, 100% Far Red",2023,,
SRR28382581,ATAC-seq,166,26390399460,PRJNA753086,SAMN40526150,Plant,17150811007,UNIVERSITY OF GEORGIA,public,Atlantic,"fastq,sra,run.zq","ncbi,s3,gs","ncbi.public,s3.us-east-1,gs.us-east1",SRX23987434,USA,North America,USA:GA,Element AVITI,ATL_FP,PAIRED,other,GENOMIC,Solanum tuberosum,ELEMENT,2025-11-05T00:00:00Z,2024-03-18T22:08:00Z,1,"Atlantic, mature leaf, 7 weeks",SRP331826,leaf,none,,mature,"25.5C day, 15.5C night, 500mE, 15hr day length 6am-9pm, 100% Far Red",2023-11-28,7 weeks,
SRR28382582,ATAC-seq,166,33211461636,PRJNA753086,SAMN40526150,Plant,21716945174,UNIVERSITY OF GEORGIA,public,Atlantic,"fastq,sra,run.zq","gs,ncbi,s3","ncbi.public,gs.us-east1,s3.us-east-1",SRX23987433,USA,North America,USA:GA,Element AVITI,ATL_FO,PAIRED,other,GENOMIC,Solanum tuberosum,ELEMENT,2025-11-05T00:00:00Z,2024-03-19T15:55:00Z,1,"Atlantic, mature leaf, 7 weeks",SRP331826,leaf,none,,mature,"25.5C day, 15.5C night, 500mE, 15hr day length 6am-9pm, 100% Far Red",2023-11-28,7 weeks,
SRR28382584,ATAC-seq,166,20948262100,PRJNA753086,SAMN40526149,Plant,13808582894,UNIVERSITY OF GEORGIA,public,Atlantic,"sra,run.zq,fastq","gs,ncbi,s3","gs.us-east1,s3.us-east-1,ncbi.public",SRX23987431,USA,North America,USA:GA,Element AVITI,ATL_FM,PAIRED,other,GENOMIC,Solanum tuberosum,ELEMENT,2025-11-05T00:00:00Z,2024-03-18T22:33:00Z,1,"Atlantic, stolon tip, 5 weeks",SRP331826,stolon,none,,immature,"25.5C day, 15.5C night, 500mE, 15hr day length 6am-9pm, 100% Far Red",2023-11-20,5 weeks,
SRR28382585,RNA-Seq,140,74762873360,PRJNA753086,SAMN40526148,Plant,48302400734,UNIVERSITY OF GEORGIA,public,Atlantic,"fastq,run.zq,sra","s3,ncbi,gs","gs.us-east1,s3.us-east-1,ncbi.public",SRX23987430,USA,North America,USA:GA,Element AVITI,ATL_FL,PAIRED,Oligo-dT,TRANSCRIPTOMIC SINGLE CELL,Solanum tuberosum,ELEMENT,2025-11-05T00:00:00Z,2024-03-19T17:09:00Z,1,"Atlantic, mature leaf, 7 weeks, 6 days",SRP331826,leaf,none,,mature,"25.5C day, 15.5C night, 500mE, 15hr day length 6am-9pm, 100% Far Red",2023-08-09,"7 weeks\, 6 days",
SRR28382587,ATAC-seq,131,116328,PRJNA753086,SAMN40526147,Plant,140396,UNIVERSITY OF GEORGIA,public,Atlantic,"run.zq,fastq,sra","s3,ncbi,gs","s3.us-east-1,ncbi.public,gs.us-east1",SRX23987428,USA,North America,USA:GA,Illumina MiSeq,ATL_FD,PAIRED,other,GENOMIC SINGLE CELL,Solanum tuberosum,ILLUMINA,2025-11-05T00:00:00Z,2024-03-18T21:37:00Z,1,"Atlantic, stolon tip",SRP331826,stolon,none,,immature,"25.5C day, 15.5C night, 500mE, 15hr day length 6am-9pm, 100% Far Red",2023,,
SRR28382588,ATAC-seq,131,818469398,PRJNA753086,SAMN40526147,Plant,450316081,UNIVERSITY OF GEORGIA,public,Atlantic,"run.zq,sra,fastq","s3,ncbi,gs","s3.us-east-1,ncbi.public,gs.us-east1",SRX23987427,USA,North America,USA:GA,Illumina MiSeq,ATL_FC,PAIRED,other,GENOMIC SINGLE CELL,Solanum tuberosum,ILLUMINA,2025-11-05T00:00:00Z,2024-03-18T21:39:00Z,1,"Atlantic, stolon tip",SRP331826,stolon,none,,immature,"25.5C day, 15.5C night, 500mE, 15hr day length 6am-9pm, 100% Far Red",2023,,
